Urchin ID,Tank,Header,Treatment,Urchin_Size,Urchin_B_Weight,Urchin_W_weight,K_S1,K_E1,Period,Dummy,SubP_Event,
K254,1A,1,7.8,4,26.74,5.08,2.74,0.9,B,1,1,
K213,1A,1,7.8,3.6,23.6,3.89,4.77,4.41,B,1,1,
B4,1A,1,7.8,3.5,16.18,2.85,3.99,3.26,B,1,1,
B122,1A,1,7.8,4.2,24.23,4.28,3.61,2.76,B,1,1,
K84,1A,1,7.8,3.2,16.32,3.12,3.03,2.08,B,1,1,
K216,1A,1,7.8,4.2,27.46,4.72,3.19,2.39,B,1,1,
B23,1A,1,7.8,3.7,25.85,4.65,4.05,3.07,B,1,1,
B69,1A,1,7.8,4,20.46,3.83,4.22,3.42,B,1,1,
B39,1A,1,7.8,3.9,26.36,4.62,3.12,2.46,B,1,1,
B100,1A,1,7.8,4.9,40.49,7.2,4.62,3.84,B,1,1,
B114,1A,1,7.8,4.5,35.04,5.73,3.07,1.62,B,1,1,
K249,1A,1,7.8,4.2,30.76,5.55,2.52,1.6,B,1,1,
B18,1B,1,7.8,3.7,17.64,3,3.44,2.62,B,1,1,
K100,1B,1,7.8,4.55,35.92,6.98,4.97,5,B,1,1,DNE?
B53,1B,1,7.8,4.1,23,3.91,3.54,3.06,B,1,1,
B76,1B,1,7.8,4,19.92,3.47,3.59,2.5,B,1,1,
K13,1B,1,7.8,4.8,31.7,5.68,3.75,3.07,B,1,1,
B90,1B,1,7.8,3.5,21.69,4.23,3.99,3.52,B,1,1,
B26,1B,1,7.8,4,28.19,5.05,3.25,2.22,B,1,1,
B5,1B,1,7.8,3.4,16.61,3.14,4.29,3.67,B,1,1,
B124,1B,1,7.8,4.3,29.12,5.09,3.13,2.37,B,1,1,
B99,1B,1,7.8,3.9,16.65,3.32,2.45,1.6,B,1,1,
B61,1B,1,7.8,3.8,20.58,3.68,5.91,4.35,B,1,1,
K255,1B,1,7.8,3.5,18.71,3.45,3.38,2.79,B,1,1,
K54,5A,5,7.8,4.5,34.85,6.25,5.03,3.63,B,1,1,
K205,5A,5,7.8,4.1,26.49,4.65,3.6,2.73,B,1,1,
K226,5A,5,7.8,5.4,48.79,9.12,4.04,3.31,B,1,1,
K200,5A,5,7.8,4.8,37.57,6.54,4.48,4.18,B,1,1,
B95,5A,5,7.8,4.1,23.12,4.13,3.97,2.47,B,1,1,
B52,5A,5,7.8,3.8,20.73,3.74,4.93,4.49,B,1,1,
K201,5A,5,7.8,3.4,18.13,3.32,3.47,3.03,B,1,1,
B66,5A,5,7.8,4.25,25.33,4.71,3.29,2.45,B,1,1,
K16,5A,5,7.8,3.8,20.02,3.53,3.76,3.29,B,1,1,
B81,5A,5,7.8,4.2,27.54,4.9,4.61,3.31,B,1,1,
K31,5A,5,7.8,4.65,30.34,5.34,3.43,2.56,B,1,1,
B64,5A,5,7.8,3.8,18.15,3.21,2.95,2.04,B,1,1,
K220,5B,5,7.8,3.5,18.76,3.16,2.91,1.9,B,1,1,
B58,5B,5,7.8,4.1,26.65,4.5,5.08,3.46,B,1,1,
K241,5B,5,7.8,4.2,30.59,5.18,5.67,5.39,B,1,1,
B41,5B,5,7.8,4.6,38.46,6.94,3.48,2.99,B,1,1,
B78,5B,5,7.8,3.8,19.05,3.61,4.73,3.49,B,1,1,
K219,5B,5,7.8,3.5,19.55,3.59,4.49,4.51,B,1,1,
K240,5B,5,7.8,3.5,17.03,3.12,6.33,5.03,B,1,1,
K252,5B,5,7.8,4.2,28.92,5.25,3.56,2.84,B,1,1,
B43,5B,5,7.8,3.3,17.7,3.1,4.5,3.48,B,1,1,
B116,5B,5,7.8,3.9,22.27,4.06,5.35,4.89,B,1,1,
B9,5B,5,7.8,3.1,13.36,2.22,3.4,3.14,B,1,1,
K236,5B,5,7.8,3.7,20.37,4.07,3.69,2.86,B,1,1,
K50,3A,3,7.65,4.4,34.11,5.86,3.23,0.58,B,1,1,
B120,3A,3,7.65,4,19.85,3.86,3.09,1.5,B,1,1,
K233,3A,3,7.65,4.3,32.3,5.19,3.79,2.46,B,1,1,
B77,3A,3,7.65,4.2,22.95,4.26,5.64,5.08,B,1,1,
B91,3A,3,7.65,3.6,22.08,3.71,3.81,2.42,B,1,1,
K83,3A,3,7.65,3.2,13.96,2.74,3.72,2.47,B,1,1,
B45,3A,3,7.65,4.1,25.91,4.33,3.7,2.17,B,1,1,
B68,3A,3,7.65,4,26.78,5.12,4.51,3.09,B,1,1,
B38,3A,3,7.65,4.5,34.14,5.88,4.62,2.43,B,1,1,
B104,3A,3,7.65,3.9,23.04,4.02,4.09,3.34,B,1,1,
B65,3A,3,7.65,4.4,36.07,6.56,4.67,3.78,B,1,1,
B79,3A,3,7.65,3.7,18.99,3.33,3.26,2.18,B,1,1,
B105,3B,3,7.65,3.7,17.57,3.09,2.93,1.53,B,1,1,
K243,3B,3,7.65,4.1,27.4,4.63,3.44,2.42,B,1,1,
B15,3B,3,7.65,3.8,22.78,4.01,4.35,3,B,1,1,
K127,3B,3,7.65,3.1,13.27,2.35,5.48,5.07,B,1,1,
K225,3B,3,7.65,4.2,26.7,5.04,4.6,3.63,B,1,1,
K248,3B,3,7.65,3.9,26.9,4.96,4.04,3.05,B,1,1,
K209,3B,3,7.65,5,54.06,9.13,3.84,1.65,B,1,1,
B25,3B,3,7.65,3.3,14.92,2.55,2.92,1.29,B,1,1,
B37,3B,3,7.65,3.9,23.09,4.12,3.9,2.32,B,1,1,
B7,3B,3,7.65,3.7,19.22,3.53,5.06,4.15,B,1,1,
B46,3B,3,7.65,4.6,32.92,5.03,3.81,2.61,B,1,1,
K208,3B,3,7.65,3.35,15.92,2.92,4.96,4.47,B,1,1,
K202,4A,4,7.65,4.2,29.84,5.35,3.16,1.02,B,1,1,
K212,4A,4,7.65,3.75,22.1,3.79,3.88,1.88,B,1,1,
K214,4A,4,7.65,5.1,43.47,7.55,4.2,3.48,B,1,1,
K218,4A,4,7.65,3.2,14.36,2.65,3.63,2.36,B,1,1,
K210,4A,4,7.65,4.1,25.92,4.75,3.32,1.66,B,1,1,
K231,4A,4,7.65,3.7,19.33,3.61,3,1.83,B,1,1,
B86,4A,4,7.65,3.7,18.53,3.25,4.7,3.13,B,1,1,
B62,4A,4,7.65,4.65,29.87,5.2,2.49,0.6,B,1,1,
K129,4A,4,7.65,3.2,15.12,2.85,3.98,2.57,B,1,1,
B63,4A,4,7.65,4,26.31,4.49,6.23,5.06,B,1,1,
K259,4A,4,7.65,2.8,10.58,1.78,6.18,5.28,B,1,1,
K246,4A,4,7.65,3.7,20.83,3.5,3.33,1.21,B,1,1,
B113,4B,4,7.65,5.65,70.01,11.35,3.64,0,B,1,1,
B32,4B,4,7.65,4.4,29.58,5.12,5.87,4.93,B,1,1,
B60,4B,4,7.65,3.2,14.6,2.79,3.85,2.49,B,1,1,
K120,4B,4,7.65,3.8,16.34,2.56,3.6,3.34,B,1,1,
B121,4B,4,7.65,3.8,16.34,2.56,3.33,2.04,B,1,1,
K265,4B,4,7.65,3.6,15.15,2.81,4.26,3.38,B,1,1,
K222,4B,4,7.65,3.5,18.06,3.57,5.21,4.23,B,1,1,
K242,4B,4,7.65,4.4,31.97,5.44,3.78,2.37,B,1,1,
B19,4B,4,7.65,3.35,16.77,2.98,3.47,2.06,B,1,1,
B50,4B,4,7.65,3.7,14.8,2.61,4.42,2.99,B,1,1,
K221,4B,4,7.65,5,53.31,8.89,5.69,4.92,B,1,1,
K262,4B,4,7.65,3.1,18.33,3.06,5.73,5.02,B,1,1,
B10,6A,6,7.8,3.6,18.1,3.13,3.78,3.27,B,1,1,
K261,6A,6,7.8,3.4,15.05,2.81,4.1,3.21,B,1,1,
B42,6A,6,7.8,3.5,14.73,2.7,2.86,2.42,B,1,1,
B80,6A,6,7.8,3.7,15.6,2.95,4.71,4.13,B,1,1,
B115,6A,6,7.8,4,19.95,3.74,3.63,2.99,B,1,1,
K35,6A,6,7.8,3.8,21.45,4.15,4.29,3.6,B,1,1,
K9,6A,6,7.8,3.9,19.89,3.55,3.24,2.4,B,1,1,
K77,6A,6,7.8,5,52.19,9.3,3.73,3.06,B,1,1,
K211,6A,6,7.8,3.7,19.8,3.35,4.64,3.85,B,1,1,
B108,6A,6,7.8,3.5,16.14,3.16,5.51,4.76,B,1,1,
B27,6A,6,7.8,3.6,18.7,3.16,6.73,6.45,B,1,1,
B24,6A,6,7.8,3.3,13.09,2.42,4.91,4.31,B,1,1,
K244,6B,6,7.8,4.4,35.48,6.05,3.51,1.16,B,1,1,
B11,6B,6,7.8,3.5,18.05,3.23,3.52,2.92,B,1,1,
K121,6B,6,7.8,3.2,15.2,2.72,4.32,3.15,B,1,1,
B33,6B,6,7.8,3.7,21.11,3.49,2.62,1.65,B,1,1,
B6,6B,6,7.8,3.1,13.39,2.56,3.95,3.36,B,1,1,
B118,6B,6,7.8,4,21.05,3.79,4.06,3.57,B,1,1,
B87,6B,6,7.8,3.6,19.91,3.64,2.88,1.64,B,1,1,
B13,6B,6,7.8,3.5,18.58,3.48,4.56,3.97,B,1,1,
B75,6B,6,7.8,4.8,34.06,6.25,4.25,3.38,B,1,1,
K238,6B,6,7.8,3.7,21.78,4.32,2.71,1.18,B,1,1,
B51,6B,6,7.8,4.1,19.18,3.59,4.35,3.71,B,1,1,
B2,6B,6,7.8,3.3,14.84,2.59,2.34,1.43,B,1,1,
K60,8A,8,7.65,4.1,29.89,5.8,3.72,3.43,B,1,1,
K47,8A,8,7.65,4,29,5,3.81,2.67,B,1,1,
K6,8A,8,7.65,3.9,23.36,4.26,3.82,3.46,B,1,1,
B12,8A,8,7.65,4.8,44.6,7.89,3.59,1.59,B,1,1,
B8,8A,8,7.65,3.3,14.72,2.57,2.96,2.03,B,1,1,
B34,8A,8,7.65,3.7,22.3,3.75,4.34,3.04,B,1,1,
B106,8A,8,7.65,4.3,25.45,"4,50",4.06,3.8,B,1,1,
K39,8A,8,7.65,3.8,18.65,3.71,3.23,2.67,B,1,1,
B47,8A,8,7.65,3.4,16.01,2.8,3.49,2.68,B,1,1,
K250,8A,8,7.65,3.8,22.5,4.32,2.64,1.47,B,1,1,
K227,8A,8,7.65,3.5,21.54,3.68,3.96,2.78,B,1,1,
K266,8A,8,7.65,3.3,14.34,2.64,4.54,3.12,B,1,1,
B40,8B,8,7.65,3.8,23.95,4.63,3.78,3.58,B,1,1,
B44,8B,8,7.65,5.4,52.83,9.33,4.23,2.85,B,1,1,
B56,8B,8,7.65,5.5,40.02,6.9,3.62,2.43,B,1,1,
B54,8B,8,7.65,3.4,17.31,3.16,3.21,2.6,B,1,1,
B107,8B,8,7.65,3.7,18.92,3.22,2.99,1.98,B,1,1,
K256,8B,8,7.65,4.1,28.36,5.03,3.32,2.53,B,1,1,
B22,8B,8,7.65,2.9,10.76,1.86,3.65,2.98,B,1,1,
K18,8B,8,7.65,4.25,25.5,4.37,3.35,2.47,B,1,1,
K245,8B,8,7.65,3.3,16.85,2.86,5.09,4.05,B,1,1,
K46,8B,8,7.65,4.4,30.21,5.05,2.73,1.96,B,1,1,
K257,8B,8,7.65,2.8,10.32,2.05,3.06,2.62,B,1,1,
B57,8B,8,7.65,3.1,13.07,2.49,5.02,4.71,B,1,1,
B67,9A,9,7.5,3.7,14.61,3.01,3.01,2.33,B,1,1,
B97,9A,9,7.5,3.6,20.47,3.84,2.85,2.12,B,1,1,
B98,9A,9,7.5,4.25,27.73,4.88,4.96,3.34,B,1,1,
B29,9A,9,7.5,3.6,17.64,3.13,3.88,2.76,B,1,1,
B31,9A,9,7.5,4.1,24.6,4.38,3.1,2.54,B,1,1,
B96,9A,9,7.5,3.9,20.63,3.68,5.09,3.57,B,1,1,
B88,9A,9,7.5,3.6,17.23,2.6,3.8,2.92,B,1,1,
K254,9A,9,7.5,4,26.74,5.08,4.2,3.37,B,1,1,
K215,9A,9,7.5,3.1,12.09,2.13,5.77,5.19,B,1,1,
B55,9A,9,7.5,3.5,16.06,3.02,3.47,3.21,B,1,1,
B3,9A,9,7.5,3.8,19.88,3.63,2.84,1.96,B,1,1,
B83,9A,9,7.5,3.6,18.18,3.33,3.5,3.16,B,1,1,
B28,9B,9,7.5,3.1,12.45,2.34,3.87,3.21,B,1,1,
K247,9B,9,7.5,4.1,25.2,4.32,3.23,1.75,B,1,1,
B36,9B,9,7.5,3.5,18.28,2.92,6,5.79,B,1,1,
K56,9B,9,7.5,3.6,16.24,3.04,2.6,1.25,B,1,1,
K253,9B,9,7.5,3.8,23.29,3.98,4.62,2.5,B,1,1,
K229,9B,9,7.5,4.9,44.99,7.76,3.46,2.26,B,1,1,
B112,9B,9,7.5,3.7,18.22,3.33,4.9,3.85,B,1,1,
K224,9B,9,7.5,3.6,17.76,3.15,3.31,2.25,B,1,1,
K89,9B,9,7.5,3.5,17.66,3,3.22,2.75,B,1,1,
B117,9B,9,7.5,3.6,16.74,3.05,4.06,3.72,B,1,1,
B109,9B,9,7.5,5.7,66.46,11.33,4.38,4.26,B,1,1,
B59,9B,9,7.5,3.4,15.37,2.85,4.02,3.09,B,1,1,
K217,10A,10,7.5,4.5,32.87,5.95,6.03,5.22,B,1,1,
B123,10A,10,7.5,3.85,21.87,3.79,4.52,2.87,B,1,1,
B103,10A,10,7.5,3.8,19.2,3.44,3.93,3.13,B,1,1,
K263,10A,10,7.5,3.4,13.96,2.38,4.18,3.17,B,1,1,
K8,10A,10,7.5,4.15,23.87,4.23,2.63,1.61,B,1,1,
K232,10A,10,7.5,4.2,33.38,6.06,3.69,3.45,B,1,1,
B35,10A,10,7.5,3.8,21.45,4.15,3.61,2.09,B,1,1,
B92,10A,10,7.5,3.3,16.62,3.15,5.84,4.35,B,1,1,
K235,10A,10,7.5,4.4,32.86,5.58,4.85,4.07,B,1,1,
K49,10A,10,7.5,4.8,36.23,6.8,4.43,3.69,B,1,1,
K203,10A,10,7.5,4.1,25.2,4.33,6,4.94,B,1,1,
B71,10A,10,7.5,4.1,25.99,4.58,4.98,3.33,B,1,1,
K260,10B,10,7.5,3,12.95,2.47,4.57,3.65,B,1,1,
K207,10B,10,7.5,4,24.05,4.42,4.11,3.25,B,1,1,
B72,10B,10,7.5,3.9,26.72,4.73,3.36,2.57,B,1,1,
B82,10B,10,7.5,4.1,29.86,5.46,4.82,3.87,B,1,1,
K71,10B,10,7.5,4.2,25.86,4.27,3.27,1.75,B,1,1,
B20,10B,10,7.5,3.2,14.91,2.6,3.8,2.86,B,1,1,
B48,10B,10,7.5,3.8,17.18,3.28,3.53,2.36,B,1,1,
B30,10B,10,7.5,3.2,14.3,2.6,4.68,3.43,B,1,1,
B49,10B,10,7.5,3.2,13.95,2.44,3.25,1.95,B,1,1,
K258,10B,10,7.5,3.8,16.09,2.95,3.59,2.05,B,1,1,
K237,10B,10,7.5,4.9,44.7,8.05,4.38,3.93,B,1,1,
K230,10B,10,7.5,3.5,17.89,3.26,4.19,3.25,B,1,1,
B110,11A,11,7.5,4.15,25.24,4.67,4.23,3.65,B,1,1,
K117,11A,11,7.5,4,25.78,4.14,3.12,3.23,B,1,1,
B101,11A,11,7.5,4.9,38.98,7.23,2.9,2.48,B,1,1,
B16,11A,11,7.5,3.4,17.05,2.98,3.63,3.12,B,1,1,
B84,11A,11,7.5,4.4,35.5,5.81,3.34,2.02,B,1,1,
B111,11A,11,7.5,3.8,17.02,3.12,3.2,3.07,B,1,1,
B89,11A,11,7.5,4,23.13,3.87,6,5.09,B,1,1,
B119,11A,11,7.5,4.3,28.13,5.04,3.31,2,B,1,1,
K228,11A,11,7.5,4,33.43,5.97,3.04,2.33,B,1,1,
B93,11A,11,7.5,3.5,16.58,3.11,3.41,1.95,B,1,1,
K264`,11A,11,7.5,3.5,17.04,3.02,3.09,1.94,B,1,1,
B73,11A,11,7.5,3.9,23.5,3.99,3.04,2.44,B,1,1,
B17,11B,11,7.5,3.4,15.79,2.73,3.05,1.99,B,1,1,
K223,11B,11,7.5,4,24.04,4.4,3.76,3.34,B,1,1,
K123,11B,11,7.5,3.7,19.17,3.32,2.56,1.24,B,1,1,
K206,11B,11,7.5,4,23.72,4.32,3,1.65,B,1,1,
B94,11B,11,7.5,3.7,19.15,3.46,3.9,3.33,B,1,1,
B74,11B,11,7.5,3.45,15.62,2.95,3.86,3.12,B,1,1,
B1,11B,11,7.5,3.3,24.69,2.88,2.99,1.86,B,1,1,
B70,11B,11,7.5,3.8,22.42,3.81,3.57,2.13,B,1,1,
B21,11B,11,7.5,3.3,17.43,2.81,3.88,3.59,B,1,1,
B102,11B,11,7.5,3.55,17.28,3.3,4.16,3.69,B,1,1,
K239,11B,11,7.5,3.5,20.01,3.67,3.48,2.55,B,1,1,
B85,11B,11,7.5,3.1,14.86,2.77,2.77,2.16,B,1,1,
K254,1A,1,7.8,4,26.74,5.08,2.46,1.43,UW1,2,2,
K213,1A,1,7.8,3.6,23.6,3.89,4.28,2.94,UW1,2,2,
B4,1A,1,7.8,3.5,16.18,2.85,3.17,1.55,UW1,2,2,
B122,1A,1,7.8,4.2,24.23,4.28,3.33,2.45,UW1,2,2,
K84,1A,1,7.8,3.2,16.32,3.12,4.63,3.8,UW1,2,2,
K216,1A,1,7.8,4.2,27.46,4.72,3.08,0.68,UW1,2,2,
B23,1A,1,7.8,3.7,25.85,4.65,3.28,2.56,UW1,2,2,
B69,1A,1,7.8,4,20.46,3.83,3.18,2.25,UW1,2,2,
B39,1A,1,7.8,3.9,26.36,4.62,4.97,3.87,UW1,2,2,
B100,1A,1,7.8,4.9,40.49,7.2,2.63,0,UW1,2,2,
B114,1A,1,7.8,4.5,35.04,5.73,2.9,1.83,UW1,2,2,
K249,1A,1,7.8,4.2,30.76,5.55,2.53,1.8,UW1,2,2,
B18,1B,1,7.8,3.7,17.64,3,3.38,2.2,UW1,2,2,
K100,1B,1,7.8,4.55,35.92,6.98,3.89,3.15,UW1,2,2,
B53,1B,1,7.8,4.1,23,3.91,3.1,2.57,UW1,2,2,
B76,1B,1,7.8,4,19.92,3.47,2.48,0.73,UW1,2,2,
K13,1B,1,7.8,4.8,31.7,5.68,3.54,2.29,UW1,2,2,
B90,1B,1,7.8,3.5,21.69,4.23,2.51,1.64,UW1,2,2,
B26,1B,1,7.8,4,28.19,5.05,4.77,3.67,UW1,2,2,
B5,1B,1,7.8,3.4,16.61,3.14,3.13,1.44,UW1,2,2,
B124,1B,1,7.8,4.3,29.12,5.09,2.5,0.49,UW1,2,2,
B99,1B,1,7.8,3.9,16.65,3.32,2.82,1.98,UW1,2,2,
B61,1B,1,7.8,3.8,20.58,3.68,3.59,2.65,UW1,2,2,
K255,1B,1,7.8,3.5,18.71,3.45,3.58,5.58,UW1,2,2,
K54,5A,5,7.8,4.5,34.85,6.25,6.42,5.72,UW1,2,2,
K205,5A,5,7.8,4.1,26.49,4.65,6.91,6.24,UW1,2,2,
K226,5A,5,7.8,5.4,48.79,9.12,6.12,5.79,UW1,2,2,
K200,5A,5,7.8,4.8,37.57,6.54,3.37,2.25,UW1,2,2,
B95,5A,5,7.8,4.1,23.12,4.13,6.82,5.79,UW1,2,2,
B52,5A,5,7.8,3.8,20.73,3.74,2.93,1.85,UW1,2,2,
K201,5A,5,7.8,3.4,18.13,3.32,4.48,3.38,UW1,2,2,
B66,5A,5,7.8,4.25,25.33,4.71,4.16,2.73,UW1,2,2,
K16,5A,5,7.8,3.8,20.02,3.53,6.39,5.7,UW1,2,2,
B81,5A,5,7.8,4.2,27.54,4.9,6.88,5.38,UW1,2,2,
K31,5A,5,7.8,4.65,30.34,5.34,5.48,4.21,UW1,2,2,
B64,5A,5,7.8,3.8,18.15,3.21,2.89,2.86,UW1,2,2,
K220,5B,5,7.8,3.5,18.76,3.16,3.45,1.85,UW1,2,2,
B58,5B,5,7.8,4.1,26.65,4.5,5.05,0,UW1,2,2,
K241,5B,5,7.8,4.2,30.59,5.18,3.45,1.02,UW1,2,2,
B41,5B,5,7.8,4.6,38.46,6.94,2.65,0.49,UW1,2,2,
B78,5B,5,7.8,3.8,19.05,3.61,3.31,2.17,UW1,2,2,
K219,5B,5,7.8,3.5,19.55,3.59,3.92,2.81,UW1,2,2,
K240,5B,5,7.8,3.5,17.03,3.12,2.69,1.45,UW1,2,2,
K252,5B,5,7.8,4.2,28.92,5.25,4.75,3.98,UW1,2,2,
B43,5B,5,7.8,3.3,17.7,3.1,3.36,2.44,UW1,2,2,
B116,5B,5,7.8,3.9,22.27,4.06,2.77,0.94,UW1,2,2,
B9,5B,5,7.8,3.1,13.36,2.22,5.07,4.25,UW1,2,2,
K236,5B,5,7.8,3.7,20.37,4.07,2.3,1.06,UW1,2,2,
K50,3A,3,7.65,4.4,34.11,5.86,4.02,3.46,UW1,2,2,
B120,3A,3,7.65,4,19.85,3.86,3.57,3.1,UW1,2,2,
K233,3A,3,7.65,4.3,32.3,5.19,3.23,2.86,UW1,2,2,
B77,3A,3,7.65,4.2,22.95,4.26,3.62,2.79,UW1,2,2,
B91,3A,3,7.65,3.6,22.08,3.71,4.22,3.55,UW1,2,2,
K83,3A,3,7.65,3.2,13.96,2.74,3.3,2.52,UW1,2,2,
B45,3A,3,7.65,4.1,25.91,4.33,3.5,2.74,UW1,2,2,
B68,3A,3,7.65,4,26.78,5.12,2.81,2.11,UW1,2,2,
B38,3A,3,7.65,4.5,34.14,5.88,3.14,2.17,UW1,2,2,
B104,3A,3,7.65,3.9,23.04,4.02,2.48,1.77,UW1,2,2,
B65,3A,3,7.65,4.4,36.07,6.56,2.19,0.12,UW1,2,2,
B79,3A,3,7.65,3.7,18.99,3.33,3.15,2.48,UW1,2,2,
B105,3B,3,7.65,3.7,17.57,3.09,3.84,3.19,UW1,2,2,
K243,3B,3,7.65,4.1,27.4,4.63,4.72,3.19,UW1,2,2,
B15,3B,3,7.65,3.8,22.78,4.01,2.24,1.52,UW1,2,2,
K127,3B,3,7.65,3.1,13.27,2.35,1.8,0.93,UW1,2,2,
K225,3B,3,7.65,4.2,26.7,5.04,3.97,3.19,UW1,2,2,
K248,3B,3,7.65,3.9,26.9,4.96,3.96,3.32,UW1,2,2,
K209,3B,3,7.65,5,54.06,9.13,4.1,3.63,UW1,2,2,
B25,3B,3,7.65,3.3,14.92,2.55,3.23,2.36,UW1,2,2,
B37,3B,3,7.65,3.9,23.09,4.12,3.63,3,UW1,2,2,
B7,3B,3,7.65,3.7,19.22,3.53,4.45,3.73,UW1,2,2,
B46,3B,3,7.65,4.6,32.92,5.03,3.56,2.83,UW1,2,2,
K208,3B,3,7.65,3.35,15.92,2.92,3.11,2.53,UW1,2,2,
K202,4A,4,7.65,4.2,29.84,5.35,3.19,1.5,UW1,2,2,
K212,4A,4,7.65,3.75,22.1,3.79,3.02,2.18,UW1,2,2,
K214,4A,4,7.65,5.1,43.47,7.55,2.66,2,UW1,2,2,
K218,4A,4,7.65,3.2,14.36,2.65,2.14,1.64,UW1,2,2,
K210,4A,4,7.65,4.1,25.92,4.75,3.67,2.88,UW1,2,2,
K231,4A,4,7.65,3.7,19.33,3.61,2.32,1.71,UW1,2,2,
B86,4A,4,7.65,3.7,18.53,3.25,2.75,2.31,UW1,2,2,
B62,4A,4,7.65,4.65,29.87,5.2,4.61,4.29,UW1,2,2,
K129,4A,4,7.65,3.2,15.12,2.85,2.3,1.53,UW1,2,2,
B63,4A,4,7.65,4,26.31,4.49,2.7,2.14,UW1,2,2,
K259,4A,4,7.65,2.8,10.58,1.78,2.88,2.35,UW1,2,2,
K246,4A,4,7.65,3.7,20.83,3.5,2.81,1.23,UW1,2,2,
B113,4B,4,7.65,5.65,70.01,11.35,3.19,2.81,UW1,2,2,
B32,4B,4,7.65,4.4,29.58,5.12,4.23,3.91,UW1,2,2,
B60,4B,4,7.65,3.2,14.6,2.79,4.37,4.06,UW1,2,2,
K120,4B,4,7.65,3.8,16.34,2.56,3.38,2.91,UW1,2,2,
B121,4B,4,7.65,3.8,16.34,2.56,3.05,2.85,UW1,2,2,
K265,4B,4,7.65,3.6,15.15,2.81,2.04,1.73,UW1,2,2,
K222,4B,4,7.65,3.5,18.06,3.57,2.21,0.94,UW1,2,2,
K242,4B,4,7.65,4.4,31.97,5.44,2.92,2.51,UW1,2,2,
B19,4B,4,7.65,3.35,16.77,2.98,2.51,2.06,UW1,2,2,
B50,4B,4,7.65,3.7,14.8,2.61,2.59,2.12,UW1,2,2,
K221,4B,4,7.65,5,53.31,8.89,1.9,1.57,UW1,2,2,
K262,4B,4,7.65,3.1,18.33,3.06,2.79,2.22,UW1,2,2,
B10,6A,6,7.8,3.6,18.1,3.13,3.03,1.35,UW1,2,2,
K261,6A,6,7.8,3.4,15.05,2.81,3.35,2.24,UW1,2,2,
B42,6A,6,7.8,3.5,14.73,2.7,3.73,2.57,UW1,2,2,
B80,6A,6,7.8,3.7,15.6,2.95,2.67,1.09,UW1,2,2,
B115,6A,6,7.8,4,19.95,3.74,3.63,0.73,UW1,2,2,
K35,6A,6,7.8,3.8,21.45,4.15,2.28,1.39,UW1,2,2,
K9,6A,6,7.8,3.9,19.89,3.55,2,1.13,UW1,2,2,
K77,6A,6,7.8,5,52.19,9.3,3.12,1.19,UW1,2,2,
K211,6A,6,7.8,3.7,19.8,3.35,3.45,2.58,UW1,2,2,
B108,6A,6,7.8,3.5,16.14,3.16,2.71,1.6,UW1,2,2,
B27,6A,6,7.8,3.6,18.7,3.16,3.14,2.41,UW1,2,2,
B24,6A,6,7.8,3.3,13.09,2.42,3.58,2.34,UW1,2,2,
K244,6B,6,7.8,4.4,35.48,6.05,2.06,0,UW1,2,2,
B11,6B,6,7.8,3.5,18.05,3.23,2.19,0.91,UW1,2,2,
K121,6B,6,7.8,3.2,15.2,2.72,2.4,1.34,UW1,2,2,
B33,6B,6,7.8,3.7,21.11,3.49,2.63,1.56,UW1,2,2,
B6,6B,6,7.8,3.1,13.39,2.56,1.95,1.25,UW1,2,2,
B118,6B,6,7.8,4,21.05,3.79,2.77,1.84,UW1,2,2,
B87,6B,6,7.8,3.6,19.91,3.64,1.96,0.75,UW1,2,2,
B13,6B,6,7.8,3.5,18.58,3.48,2.93,2.12,UW1,2,2,
B75,6B,6,7.8,4.8,34.06,6.25,1.98,1.34,UW1,2,2,
K238,6B,6,7.8,3.7,21.78,4.32,4.58,2.88,UW1,2,2,
B51,6B,6,7.8,4.1,19.18,3.59,2.86,2.08,UW1,2,2,
B2,6B,6,7.8,3.3,14.84,2.59,2.33,1.38,UW1,2,2,
K60,8A,8,7.65,4.1,29.89,5.8,2.63,2.11,UW1,2,2,
K47,8A,8,7.65,4,29,5,2.33,2.59,UW1,2,2,
K6,8A,8,7.65,3.9,23.36,4.26,1.98,1.5,UW1,2,2,
B12,8A,8,7.65,4.8,44.6,7.89,3.02,0.67,UW1,2,2,
B8,8A,8,7.65,3.3,14.72,2.57,2.92,2.16,UW1,2,2,
B34,8A,8,7.65,3.7,22.3,3.75,5.25,4.32,UW1,2,2,
B106,8A,8,7.65,4.3,25.45,"4,50",3.24,1.38,UW1,2,2,
K39,8A,8,7.65,3.8,18.65,3.71,2.18,1.4,UW1,2,2,
B47,8A,8,7.65,3.4,16.01,2.8,3.34,1.37,UW1,2,2,
K250,8A,8,7.65,3.8,22.5,4.32,2.54,1.78,UW1,2,2,
K227,8A,8,7.65,3.5,21.54,3.68,2.98,1.91,UW1,2,2,
K266,8A,8,7.65,3.3,14.34,2.64,4.34,3.35,UW1,2,2,
B40,8B,8,7.65,3.8,23.95,4.63,2.76,1.9,UW1,2,2,
B44,8B,8,7.65,5.4,52.83,9.33,2.16,1.53,UW1,2,2,
B56,8B,8,7.65,5.5,40.02,6.9,3.67,2.63,UW1,2,2,
B54,8B,8,7.65,3.4,17.31,3.16,2.1,1.46,UW1,2,2,
B107,8B,8,7.65,3.7,18.92,3.22,2.91,2.09,UW1,2,2,
K256,8B,8,7.65,4.1,28.36,5.03,3.93,2.84,UW1,2,2,
B22,8B,8,7.65,2.9,10.76,1.86,3.52,2.16,UW1,2,2,
K18,8B,8,7.65,4.25,25.5,4.37,2.97,2.72,UW1,2,2,
K245,8B,8,7.65,3.3,16.85,2.86,2.87,2.32,UW1,2,2,
K46,8B,8,7.65,4.4,30.21,5.05,2.7,1.2,UW1,2,2,
K257,8B,8,7.65,2.8,10.32,2.05,3.36,3.14,UW1,2,2,
B57,8B,8,7.65,3.1,13.07,2.49,3.35,2.37,UW1,2,2,
B67,9A,9,7.5,3.7,14.61,3.01,5.44,5.25,UW1,2,2,
B97,9A,9,7.5,3.6,20.47,3.84,3.49,3.27,UW1,2,2,
B98,9A,9,7.5,4.25,27.73,4.88,3.71,2.87,UW1,2,2,
B29,9A,9,7.5,3.6,17.64,3.13,5.97,5.56,UW1,2,2,
B31,9A,9,7.5,4.1,24.6,4.38,6.57,6.56,UW1,2,2,
B96,9A,9,7.5,3.9,20.63,3.68,6.93,6.6,UW1,2,2,
B88,9A,9,7.5,3.6,17.23,2.6,3.91,3.56,UW1,2,2,
K254,9A,9,7.5,4,26.74,5.08,2.82,2.66,UW1,2,2,
K215,9A,9,7.5,3.1,12.09,2.13,4.12,3.86,UW1,2,2,
B55,9A,9,7.5,3.5,16.06,3.02,5.17,5,UW1,2,2,
B3,9A,9,7.5,3.8,19.88,3.63,6.21,6.12,UW1,2,2,
B83,9A,9,7.5,3.6,18.18,3.33,4.96,4.86,UW1,2,2,
B28,9B,9,7.5,3.1,12.45,2.34,3.31,3.12,UW1,2,2,
K247,9B,9,7.5,4.1,25.2,4.32,2.91,3.48,UW1,2,2,
B36,9B,9,7.5,3.5,18.28,2.92,3.88,3.65,UW1,2,2,
K56,9B,9,7.5,3.6,16.24,3.04,2.82,2.64,UW1,2,2,
K253,9B,9,7.5,3.8,23.29,3.98,5.8,5.51,UW1,2,2,
K229,9B,9,7.5,4.9,44.99,7.76,4.09,4.17,UW1,2,2,
B112,9B,9,7.5,3.7,18.22,3.33,3.4,2.54,UW1,2,2,
K224,9B,9,7.5,3.6,17.76,3.15,2.77,2.64,UW1,2,2,
K89,9B,9,7.5,3.5,17.66,3,3.3,3.19,UW1,2,2,
B117,9B,9,7.5,3.6,16.74,3.05,4.45,4.29,UW1,2,2,
B109,9B,9,7.5,5.7,66.46,11.33,3.73,3.53,UW1,2,2,
B59,9B,9,7.5,3.4,15.37,2.85,3.36,2.84,UW1,2,2,
K217,10A,10,7.5,4.5,32.87,5.95,6.91,6.7,UW1,2,2,
B123,10A,10,7.5,3.85,21.87,3.79,4.39,3.71,UW1,2,2,
B103,10A,10,7.5,3.8,19.2,3.44,3.31,3.21,UW1,2,2,
K263,10A,10,7.5,3.4,13.96,2.38,3.36,3.19,UW1,2,2,
K8,10A,10,7.5,4.15,23.87,4.23,2.43,2.25,UW1,2,2,
K232,10A,10,7.5,4.2,33.38,6.06,2.61,2.34,UW1,2,2,
B35,10A,10,7.5,3.8,21.45,4.15,2.68,2.32,UW1,2,2,
B92,10A,10,7.5,3.3,16.62,3.15,3.2,2.96,UW1,2,2,
K235,10A,10,7.5,4.4,32.86,5.58,2.57,2.3,UW1,2,2,
K49,10A,10,7.5,4.8,36.23,6.8,2.82,1.8,UW1,2,2,
K203,10A,10,7.5,4.1,25.2,4.33,2.55,2.4,UW1,2,2,
B71,10A,10,7.5,4.1,25.99,4.58,2.1,2.06,UW1,2,2,
K260,10B,10,7.5,3,12.95,2.47,2.36,1.99,UW1,2,2,
K207,10B,10,7.5,4,24.05,4.42,2.92,2.66,UW1,2,2,
B72,10B,10,7.5,3.9,26.72,4.73,3.52,3.34,UW1,2,2,
B82,10B,10,7.5,4.1,29.86,5.46,3.02,2.75,UW1,2,2,
K71,10B,10,7.5,4.2,25.86,4.27,3.02,2.71,UW1,2,2,
B20,10B,10,7.5,3.2,14.91,2.6,3.28,3.06,UW1,2,2,
B48,10B,10,7.5,3.8,17.18,3.28,3.31,2.92,UW1,2,2,
B30,10B,10,7.5,3.2,14.3,2.6,2.53,2.12,UW1,2,2,
B49,10B,10,7.5,3.2,13.95,2.44,2.46,2.05,UW1,2,2,
K258,10B,10,7.5,3.8,16.09,2.95,3.77,3.02,UW1,2,2,
K237,10B,10,7.5,4.9,44.7,8.05,5.31,5.07,UW1,2,2,
K230,10B,10,7.5,3.5,17.89,3.26,3.42,3.03,UW1,2,2,
B110,11A,11,7.5,4.15,25.24,4.67,3.77,2.79,UW1,2,2,
K117,11A,11,7.5,4,25.78,4.14,3.76,3.26,UW1,2,2,
B101,11A,11,7.5,4.9,38.98,7.23,4.59,4.25,UW1,2,2,
B16,11A,11,7.5,3.4,17.05,2.98,2.88,2.18,UW1,2,2,
B84,11A,11,7.5,4.4,35.5,5.81,3.44,3.04,UW1,2,2,
B111,11A,11,7.5,3.8,17.02,3.12,2.92,2.99,UW1,2,2,
B89,11A,11,7.5,4,23.13,3.87,2.58,2.14,UW1,2,2,
B119,11A,11,7.5,4.3,28.13,5.04,2.95,2.42,UW1,2,2,
K228,11A,11,7.5,4,33.43,5.97,2.43,2.06,UW1,2,2,
B93,11A,11,7.5,3.5,16.58,3.11,2.5,2.1,UW1,2,2,
K264`,11A,11,7.5,3.5,17.04,3.02,2.51,2.03,UW1,2,2,
B73,11A,11,7.5,3.9,23.5,3.99,1.96,1.53,UW1,2,2,
B17,11B,11,7.5,3.4,15.79,2.73,3.2,2.62,UW1,2,2,
K223,11B,11,7.5,4,24.04,4.4,2.52,1.8,UW1,2,2,
K123,11B,11,7.5,3.7,19.17,3.32,2.32,2.12,UW1,2,2,
K206,11B,11,7.5,4,23.72,4.32,2.3,0.95,UW1,2,2,
B94,11B,11,7.5,3.7,19.15,3.46,2.77,2.18,UW1,2,2,
B74,11B,11,7.5,3.45,15.62,2.95,2.6,2.32,UW1,2,2,
B1,11B,11,7.5,3.3,24.69,2.88,4.37,4.26,UW1,2,2,
B70,11B,11,7.5,3.8,22.42,3.81,2.75,1.99,UW1,2,2,
B21,11B,11,7.5,3.3,17.43,2.81,3.12,2.46,UW1,2,2,
B102,11B,11,7.5,3.55,17.28,3.3,2.55,1.86,UW1,2,2,
K239,11B,11,7.5,3.5,20.01,3.67,4.05,4.03,UW1,2,2,
B85,11B,11,7.5,3.1,14.86,2.77,2.77,2.34,UW1,2,2,
K254,1A,1,7.8,4,26.74,5.08,2.49,1.56,R1,3,2,
K213,1A,1,7.8,3.6,23.6,3.89,2.16,1.14,R1,3,2,
B4,1A,1,7.8,3.5,16.18,2.85,2.82,2.13,R1,3,2,
B122,1A,1,7.8,4.2,24.23,4.28,3.24,2.31,R1,3,2,
K84,1A,1,7.8,3.2,16.32,3.12,2.86,1.46,R1,3,2,
K216,1A,1,7.8,4.2,27.46,4.72,3.53,2.93,R1,3,2,
B23,1A,1,7.8,3.7,25.85,4.65,2.63,1.51,R1,3,2,
B69,1A,1,7.8,4,20.46,3.83,3.13,2.05,R1,3,2,
B39,1A,1,7.8,3.9,26.36,4.62,3.2,1.22,R1,3,2,
B100,1A,1,7.8,4.9,40.49,7.2,2.89,0.28,R1,3,2,
B114,1A,1,7.8,4.5,35.04,5.73,4.2,1.86,R1,3,2,
K249,1A,1,7.8,4.2,30.76,5.55,3.14,2.19,R1,3,2,
B18,1B,1,7.8,3.7,17.64,3,3.14,2.31,R1,3,2,
K100,1B,1,7.8,4.55,35.92,6.98,3.04,1.81,R1,3,2,
B53,1B,1,7.8,4.1,23,3.91,2.99,2.17,R1,3,2,
B76,1B,1,7.8,4,19.92,3.47,3.29,2.06,R1,3,2,
K13,1B,1,7.8,4.8,31.7,5.68,2.73,0.69,R1,3,2,
B90,1B,1,7.8,3.5,21.69,4.23,2.54,1.65,R1,3,2,
B26,1B,1,7.8,4,28.19,5.05,3.17,2.02,R1,3,2,
B5,1B,1,7.8,3.4,16.61,3.14,3.65,2.16,R1,3,2,
B124,1B,1,7.8,4.3,29.12,5.09,3.12,2.13,R1,3,2,
B99,1B,1,7.8,3.9,16.65,3.32,2.51,1.51,R1,3,2,
B61,1B,1,7.8,3.8,20.58,3.68,2.4,0.82,R1,3,2,
K255,1B,1,7.8,3.5,18.71,3.45,2.8,1.53,R1,3,2,
K54,5A,5,7.8,4.5,34.85,6.25,2.29,1.07,R1,3,2,
K205,5A,5,7.8,4.1,26.49,4.65,2.19,0.69,R1,3,2,
K226,5A,5,7.8,5.4,48.79,9.12,3.68,0.73,R1,3,2,
K200,5A,5,7.8,4.8,37.57,6.54,2.97,1.58,R1,3,2,
B95,5A,5,7.8,4.1,23.12,4.13,3.37,2.14,R1,3,2,
B52,5A,5,7.8,3.8,20.73,3.74,3.15,1.99,R1,3,2,
K201,5A,5,7.8,3.4,18.13,3.32,3.06,1.77,R1,3,2,
B66,5A,5,7.8,4.25,25.33,4.71,3.37,0.91,R1,3,2,
K16,5A,5,7.8,3.8,20.02,3.53,3.45,2.75,R1,3,2,
B81,5A,5,7.8,4.2,27.54,4.9,3.22,1.49,R1,3,2,
K31,5A,5,7.8,4.65,30.34,5.34,2.35,1.35,R1,3,2,
B64,5A,5,7.8,3.8,18.15,3.21,3.06,2.2,R1,3,2,
K220,5B,5,7.8,3.5,18.76,3.16,2.85,1.91,R1,3,2,
B58,5B,5,7.8,4.1,26.65,4.5,2.77,1.65,R1,3,2,
K241,5B,5,7.8,4.2,30.59,5.18,3.13,1.82,R1,3,2,
B41,5B,5,7.8,4.6,38.46,6.94,3.48,3.92,R1,3,2,
B78,5B,5,7.8,3.8,19.05,3.61,2.58,0.94,R1,3,2,
K219,5B,5,7.8,3.5,19.55,3.59,3.08,2.55,R1,3,2,
K240,5B,5,7.8,3.5,17.03,3.12,3.28,2.14,R1,3,2,
K252,5B,5,7.8,4.2,28.92,5.25,2.37,1.33,R1,3,2,
B43,5B,5,7.8,3.3,17.7,3.1,2.61,1.14,R1,3,2,
B116,5B,5,7.8,3.9,22.27,4.06,2.74,1.66,R1,3,2,
B9,5B,5,7.8,3.1,13.36,2.22,3.44,2.98,R1,3,2,
K236,5B,5,7.8,3.7,20.37,4.07,2.54,1.55,R1,3,2,
K50,3A,3,7.65,4.4,34.11,5.86,3.5,2.44,R1,3,2,
B120,3A,3,7.65,4,19.85,3.86,2.56,1.91,R1,3,2,
K233,3A,3,7.65,4.3,32.3,5.19,2.5,1.88,R1,3,2,
B77,3A,3,7.65,4.2,22.95,4.26,2.69,1.66,R1,3,2,
B91,3A,3,7.65,3.6,22.08,3.71,2.48,1.26,R1,3,2,
K83,3A,3,7.65,3.2,13.96,2.74,3.09,1.36,R1,3,2,
B45,3A,3,7.65,4.1,25.91,4.33,3.44,0.94,R1,3,2,
B68,3A,3,7.65,4,26.78,5.12,3.05,1.83,R1,3,2,
B38,3A,3,7.65,4.5,34.14,5.88,2.32,1.05,R1,3,2,
B104,3A,3,7.65,3.9,23.04,4.02,2.61,1.28,R1,3,2,
B65,3A,3,7.65,4.4,36.07,6.56,2.84,2.07,R1,3,2,
B79,3A,3,7.65,3.7,18.99,3.33,3.75,2.69,R1,3,2,
B105,3B,3,7.65,3.7,17.57,3.09,2.66,1.58,R1,3,2,
K243,3B,3,7.65,4.1,27.4,4.63,3.35,2.69,R1,3,2,
B15,3B,3,7.65,3.8,22.78,4.01,2.7,1.56,R1,3,2,
K127,3B,3,7.65,3.1,13.27,2.35,2.37,1.51,R1,3,2,
K225,3B,3,7.65,4.2,26.7,5.04,3.29,2.25,R1,3,2,
K248,3B,3,7.65,3.9,26.9,4.96,3.11,1.73,R1,3,2,
K209,3B,3,7.65,5,54.06,9.13,2.91,2.21,R1,3,2,
B25,3B,3,7.65,3.3,14.92,2.55,2.6,1.84,R1,3,2,
B37,3B,3,7.65,3.9,23.09,4.12,2.77,1.84,R1,3,2,
B7,3B,3,7.65,3.7,19.22,3.53,2.52,1.39,R1,3,2,
B46,3B,3,7.65,4.6,32.92,5.03,2.6,1.33,R1,3,2,
K208,3B,3,7.65,3.35,15.92,2.92,2.69,1.88,R1,3,2,
K202,4A,4,7.65,4.2,29.84,5.35,2.51,1.83,R1,3,2,
K212,4A,4,7.65,3.75,22.1,3.79,2.41,1.19,R1,3,2,
K214,4A,4,7.65,5.1,43.47,7.55,4,2.92,R1,3,2,
K218,4A,4,7.65,3.2,14.36,2.65,3.24,2.36,R1,3,2,
K210,4A,4,7.65,4.1,25.92,4.75,2.78,0.97,R1,3,2,
K231,4A,4,7.65,3.7,19.33,3.61,2.55,1.56,R1,3,2,
B86,4A,4,7.65,3.7,18.53,3.25,3.62,2.97,R1,3,2,
B62,4A,4,7.65,4.65,29.87,5.2,2.49,1.12,R1,3,2,
K129,4A,4,7.65,3.2,15.12,2.85,2.5,1.38,R1,3,2,
B63,4A,4,7.65,4,26.31,4.49,3.67,2.69,R1,3,2,
K259,4A,4,7.65,2.8,10.58,1.78,2.63,1.68,R1,3,2,
K246,4A,4,7.65,3.7,20.83,3.5,3.85,1.1,R1,3,2,
B113,4B,4,7.65,5.65,70.01,11.35,3.1,0.05,R1,3,2,
B32,4B,4,7.65,4.4,29.58,5.12,2.19,0.12,R1,3,2,
B60,4B,4,7.65,3.2,14.6,2.79,2.37,1.38,R1,3,2,
K120,4B,4,7.65,3.8,16.34,2.56,2.45,1.35,R1,3,2,
B121,4B,4,7.65,3.8,16.34,2.56,3.08,1.72,R1,3,2,
K265,4B,4,7.65,3.6,15.15,2.81,2.42,1.55,R1,3,2,
K222,4B,4,7.65,3.5,18.06,3.57,2.29,1.24,R1,3,2,
K242,4B,4,7.65,4.4,31.97,5.44,2.31,0.11,R1,3,2,
B19,4B,4,7.65,3.35,16.77,2.98,2.97,1.25,R1,3,2,
B50,4B,4,7.65,3.7,14.8,2.61,2.11,0.68,R1,3,2,
K221,4B,4,7.65,5,53.31,8.89,3.53,2.88,R1,3,2,
K262,4B,4,7.65,3.1,18.33,3.06,3.23,2.09,R1,3,2,
B10,6A,6,7.8,3.6,18.1,3.13,3.16,1.87,R1,3,2,
K261,6A,6,7.8,3.4,15.05,2.81,2.38,1.07,R1,3,2,
B42,6A,6,7.8,3.5,14.73,2.7,2.65,2,R1,3,2,
B80,6A,6,7.8,3.7,15.6,2.95,2.78,1.61,R1,3,2,
B115,6A,6,7.8,4,19.95,3.74,2.09,1.56,R1,3,2,
K35,6A,6,7.8,3.8,21.45,4.15,2.4,1.35,R1,3,2,
K9,6A,6,7.8,3.9,19.89,3.55,2.56,2.08,R1,3,2,
K77,6A,6,7.8,5,52.19,9.3,3.92,2.86,R1,3,2,
K211,6A,6,7.8,3.7,19.8,3.35,2.27,1.4,R1,3,2,
B108,6A,6,7.8,3.5,16.14,3.16,2.94,1.75,R1,3,2,
B27,6A,6,7.8,3.6,18.7,3.16,2.3,1.41,R1,3,2,
B24,6A,6,7.8,3.3,13.09,2.42,2.66,1.5,R1,3,2,
K244,6B,6,7.8,4.4,35.48,6.05,3.76,3.1,R1,3,2,
B11,6B,6,7.8,3.5,18.05,3.23,3.26,2.29,R1,3,2,
K121,6B,6,7.8,3.2,15.2,2.72,2.11,1.3,R1,3,2,
B33,6B,6,7.8,3.7,21.11,3.49,3.02,1.53,R1,3,2,
B6,6B,6,7.8,3.1,13.39,2.56,3.53,2.6,R1,3,2,
B118,6B,6,7.8,4,21.05,3.79,3,1.67,R1,3,2,
B87,6B,6,7.8,3.6,19.91,3.64,3.13,1.34,R1,3,2,
B13,6B,6,7.8,3.5,18.58,3.48,2.13,1.04,R1,3,2,
B75,6B,6,7.8,4.8,34.06,6.25,3.54,0.63,R1,3,2,
K238,6B,6,7.8,3.7,21.78,4.32,2.87,2.09,R1,3,2,
B51,6B,6,7.8,4.1,19.18,3.59,2.68,1.41,R1,3,2,
B2,6B,6,7.8,3.3,14.84,2.59,2.72,1.12,R1,3,2,
K60,8A,8,7.65,4.1,29.89,5.8,3.18,1.9,R1,3,2,
K47,8A,8,7.65,4,29,5,3.3,1.61,R1,3,2,
K6,8A,8,7.65,3.9,23.36,4.26,2.53,1.72,R1,3,2,
B12,8A,8,7.65,4.8,44.6,7.89,3.44,0.14,R1,3,2,
B8,8A,8,7.65,3.3,14.72,2.57,3.13,2.01,R1,3,2,
B34,8A,8,7.65,3.7,22.3,3.75,2.91,1.6,R1,3,2,
B106,8A,8,7.65,4.3,25.45,"4,50",2.3,1.19,R1,3,2,
K39,8A,8,7.65,3.8,18.65,3.71,3.11,2.13,R1,3,2,
B47,8A,8,7.65,3.4,16.01,2.8,3,1.37,R1,3,2,
K250,8A,8,7.65,3.8,22.5,4.32,2.74,1.72,R1,3,2,
K227,8A,8,7.65,3.5,21.54,3.68,2.21,1.45,R1,3,2,
K266,8A,8,7.65,3.3,14.34,2.64,2.54,1.28,R1,3,2,
B40,8B,8,7.65,3.8,23.95,4.63,3.27,2.04,R1,3,2,
B44,8B,8,7.65,5.4,52.83,9.33,3.25,2.57,R1,3,2,
B56,8B,8,7.65,5.5,40.02,6.9,3.29,2.1,R1,3,2,
B54,8B,8,7.65,3.4,17.31,3.16,3.39,1.85,R1,3,2,
B107,8B,8,7.65,3.7,18.92,3.22,3.06,1.45,R1,3,2,
K256,8B,8,7.65,4.1,28.36,5.03,3.37,2.53,R1,3,2,
B22,8B,8,7.65,2.9,10.76,1.86,2.5,1.6,R1,3,2,
K18,8B,8,7.65,4.25,25.5,4.37,2.96,2.18,R1,3,2,
K245,8B,8,7.65,3.3,16.85,2.86,3.39,2.85,R1,3,2,
K46,8B,8,7.65,4.4,30.21,5.05,3.45,2.26,R1,3,2,
K257,8B,8,7.65,2.8,10.32,2.05,3.15,2.47,R1,3,2,
B57,8B,8,7.65,3.1,13.07,2.49,2.46,1.07,R1,3,2,
B67,9A,9,7.5,3.7,14.61,3.01,2.43,1.19,R1,3,2,
B97,9A,9,7.5,3.6,20.47,3.84,2.33,1.6,R1,3,2,
B98,9A,9,7.5,4.25,27.73,4.88,2.24,1.37,R1,3,2,
B29,9A,9,7.5,3.6,17.64,3.13,2.62,1.41,R1,3,2,
B31,9A,9,7.5,4.1,24.6,4.38,4,3.13,R1,3,2,
B96,9A,9,7.5,3.9,20.63,3.68,3.25,2.38,R1,3,2,
B88,9A,9,7.5,3.6,17.23,2.6,2.9,1.51,R1,3,2,
K254,9A,9,7.5,4,26.74,5.08,4.26,4.26,R1,3,2,
K215,9A,9,7.5,3.1,12.09,2.13,3.45,1.87,R1,3,2,
B55,9A,9,7.5,3.5,16.06,3.02,2.48,1.87,R1,3,2,
B3,9A,9,7.5,3.8,19.88,3.63,2.96,2.04,R1,3,2,
B83,9A,9,7.5,3.6,18.18,3.33,2.31,1.74,R1,3,2,
B28,9B,9,7.5,3.1,12.45,2.34,2.46,1.51,R1,3,2,
K247,9B,9,7.5,4.1,25.2,4.32,2.13,0.75,R1,3,2,
B36,9B,9,7.5,3.5,18.28,2.92,2.33,1.34,R1,3,2,
K56,9B,9,7.5,3.6,16.24,3.04,3.34,2.3,R1,3,2,
K253,9B,9,7.5,3.8,23.29,3.98,2.36,1.48,R1,3,2,
K229,9B,9,7.5,4.9,44.99,7.76,2.65,1.61,R1,3,2,
B112,9B,9,7.5,3.7,18.22,3.33,2.83,2.25,R1,3,2,
K224,9B,9,7.5,3.6,17.76,3.15,2.43,1.05,R1,3,2,
K89,9B,9,7.5,3.5,17.66,3,2.91,2.13,R1,3,2,
B117,9B,9,7.5,3.6,16.74,3.05,3.43,2.68,R1,3,2,
B109,9B,9,7.5,5.7,66.46,11.33,3.46,2.16,R1,3,2,
B59,9B,9,7.5,3.4,15.37,2.85,3.06,2.29,R1,3,2,
K217,10A,10,7.5,4.5,32.87,5.95,3.34,1.49,R1,3,2,
B123,10A,10,7.5,3.85,21.87,3.79,2.8,1.87,R1,3,2,
B103,10A,10,7.5,3.8,19.2,3.44,3.12,1.85,R1,3,2,
K263,10A,10,7.5,3.4,13.96,2.38,2.46,1.6,R1,3,2,
K8,10A,10,7.5,4.15,23.87,4.23,2.63,2.14,R1,3,2,
K232,10A,10,7.5,4.2,33.38,6.06,2.04,2.23,R1,3,2,
B35,10A,10,7.5,3.8,21.45,4.15,3.16,2.4,R1,3,2,
B92,10A,10,7.5,3.3,16.62,3.15,3.15,2.35,R1,3,2,
K235,10A,10,7.5,4.4,32.86,5.58,2.18,2.17,R1,3,2,
K49,10A,10,7.5,4.8,36.23,6.8,3.12,1.85,R1,3,2,
K203,10A,10,7.5,4.1,25.2,4.33,2.23,1.29,R1,3,2,
B71,10A,10,7.5,4.1,25.99,4.58,2.72,2.02,R1,3,2,
K260,10B,10,7.5,3,12.95,2.47,2.33,2.18,R1,3,2,
K207,10B,10,7.5,4,24.05,4.42,2.93,1.87,R1,3,2,
B72,10B,10,7.5,3.9,26.72,4.73,3.05,2.17,R1,3,2,
B82,10B,10,7.5,4.1,29.86,5.46,2.57,1.87,R1,3,2,
K71,10B,10,7.5,4.2,25.86,4.27,3,1.89,R1,3,2,
B20,10B,10,7.5,3.2,14.91,2.6,2.88,1.13,R1,3,2,
B48,10B,10,7.5,3.8,17.18,3.28,3.1,1.51,R1,3,2,
B30,10B,10,7.5,3.2,14.3,2.6,3.08,2.25,R1,3,2,
B49,10B,10,7.5,3.2,13.95,2.44,3.09,1.11,R1,3,2,
K258,10B,10,7.5,3.8,16.09,2.95,2.62,1.55,R1,3,2,
K237,10B,10,7.5,4.9,44.7,8.05,3.81,1.32,R1,3,2,
K230,10B,10,7.5,3.5,17.89,3.26,3.08,1.63,R1,3,2,
B110,11A,11,7.5,4.15,25.24,4.67,3.57,2.36,R1,3,2,
K117,11A,11,7.5,4,25.78,4.14,2.76,2.04,R1,3,2,
B101,11A,11,7.5,4.9,38.98,7.23,2.86,2.21,R1,3,2,
B16,11A,11,7.5,3.4,17.05,2.98,4.17,3.26,R1,3,2,
B84,11A,11,7.5,4.4,35.5,5.81,2.94,1.88,R1,3,2,
B111,11A,11,7.5,3.8,17.02,3.12,2.94,2.23,R1,3,2,
B89,11A,11,7.5,4,23.13,3.87,3.02,2.05,R1,3,2,
B119,11A,11,7.5,4.3,28.13,5.04,3.24,1.96,R1,3,2,
K228,11A,11,7.5,4,33.43,5.97,3.84,1.56,R1,3,2,
B93,11A,11,7.5,3.5,16.58,3.11,4.04,3.2,R1,3,2,
K264`,11A,11,7.5,3.5,17.04,3.02,2.53,1.54,R1,3,2,
B73,11A,11,7.5,3.9,23.5,3.99,3.26,2.39,R1,3,2,
B17,11B,11,7.5,3.4,15.79,2.73,3.13,2.12,R1,3,2,
K223,11B,11,7.5,4,24.04,4.4,2.42,1.46,R1,3,2,
K123,11B,11,7.5,3.7,19.17,3.32,2.57,1.55,R1,3,2,
K206,11B,11,7.5,4,23.72,4.32,3.95,1.84,R1,3,2,
B94,11B,11,7.5,3.7,19.15,3.46,3.27,2.12,R1,3,2,
B74,11B,11,7.5,3.45,15.62,2.95,3.36,2.05,R1,3,2,
B1,11B,11,7.5,3.3,24.69,2.88,2.86,1.34,R1,3,2,
B70,11B,11,7.5,3.8,22.42,3.81,4.09,3.14,R1,3,2,
B21,11B,11,7.5,3.3,17.43,2.81,2.42,1.34,R1,3,2,
B102,11B,11,7.5,3.55,17.28,3.3,2.67,1.57,R1,3,2,
K239,11B,11,7.5,3.5,20.01,3.67,3.42,2.7,R1,3,2,
B85,11B,11,7.5,3.1,14.86,2.77,3.88,3.12,R1,3,2,
K254,1A,1,7.8,4,26.74,5.08,2.82,1.94,UW2,4,3,
K213,1A,1,7.8,3.6,23.6,3.89,3.24,2.46,UW2,4,3,
B4,1A,1,7.8,3.5,16.18,2.85,3.03,2.11,UW2,4,3,
B122,1A,1,7.8,4.2,24.23,4.28,2.63,1.62,UW2,4,3,
K84,1A,1,7.8,3.2,16.32,3.12,2.75,2.19,UW2,4,3,
K216,1A,1,7.8,4.2,27.46,4.72,2.74,1.68,UW2,4,3,
B23,1A,1,7.8,3.7,25.85,4.65,2.91,1.53,UW2,4,3,
B69,1A,1,7.8,4,20.46,3.83,2.59,1.68,UW2,4,3,
B39,1A,1,7.8,3.9,26.36,4.62,4.08,3.04,UW2,4,3,
B100,1A,1,7.8,4.9,40.49,7.2,2.91,0.57,UW2,4,3,
B114,1A,1,7.8,4.5,35.04,5.73,2.47,0.93,UW2,4,3,
K249,1A,1,7.8,4.2,30.76,5.55,2.16,1.37,UW2,4,3,
B18,1B,1,7.8,3.7,17.64,3,3.01,1.95,UW2,4,3,
K100,1B,1,7.8,4.55,35.92,6.98,2.81,1.76,UW2,4,3,
B53,1B,1,7.8,4.1,23,3.91,3.02,2.37,UW2,4,3,
B76,1B,1,7.8,4,19.92,3.47,3.7,1.76,UW2,4,3,
K13,1B,1,7.8,4.8,31.7,5.68,3.37,2.49,UW2,4,3,
B90,1B,1,7.8,3.5,21.69,4.23,2.59,1.26,UW2,4,3,
B26,1B,1,7.8,4,28.19,5.05,2.43,1.5,UW2,4,3,
B5,1B,1,7.8,3.4,16.61,3.14,3.65,2.95,UW2,4,3,
B124,1B,1,7.8,4.3,29.12,5.09,3.74,1.71,UW2,4,3,
B99,1B,1,7.8,3.9,16.65,3.32,2.64,1.9,UW2,4,3,
B61,1B,1,7.8,3.8,20.58,3.68,3.12,2.02,UW2,4,3,
K255,1B,1,7.8,3.5,18.71,3.45,3.52,2.42,UW2,4,3,
K54,5A,5,7.8,4.5,34.85,6.25,2.71,1.67,UW2,4,3,
K205,5A,5,7.8,4.1,26.49,4.65,2.91,2.14,UW2,4,3,
K226,5A,5,7.8,5.4,48.79,9.12,3.6,2.49,UW2,4,3,
K200,5A,5,7.8,4.8,37.57,6.54,2.13,0.67,UW2,4,3,
B95,5A,5,7.8,4.1,23.12,4.13,2.34,0.94,UW2,4,3,
B52,5A,5,7.8,3.8,20.73,3.74,2.9,1.99,UW2,4,3,
K201,5A,5,7.8,3.4,18.13,3.32,3,1.94,UW2,4,3,
B66,5A,5,7.8,4.25,25.33,4.71,3.04,2,UW2,4,3,
K16,5A,5,7.8,3.8,20.02,3.53,2.88,1.9,UW2,4,3,
B81,5A,5,7.8,4.2,27.54,4.9,2.99,0.91,UW2,4,3,
K31,5A,5,7.8,4.65,30.34,5.34,3.1,1.61,UW2,4,3,
B64,5A,5,7.8,3.8,18.15,3.21,3.1,1.93,UW2,4,3,
K220,5B,5,7.8,3.5,18.76,3.16,2.92,1.74,UW2,4,3,
B58,5B,5,7.8,4.1,26.65,4.5,3.52,2.27,UW2,4,3,
K241,5B,5,7.8,4.2,30.59,5.18,3.32,1.98,UW2,4,3,
B41,5B,5,7.8,4.6,38.46,6.94,3.83,3.34,UW2,4,3,
B78,5B,5,7.8,3.8,19.05,3.61,3.54,2.76,UW2,4,3,
K219,5B,5,7.8,3.5,19.55,3.59,2.22,1.6,UW2,4,3,
K240,5B,5,7.8,3.5,17.03,3.12,2.39,1.22,UW2,4,3,
K252,5B,5,7.8,4.2,28.92,5.25,2.92,1.84,UW2,4,3,
B43,5B,5,7.8,3.3,17.7,3.1,3,1.91,UW2,4,3,
B116,5B,5,7.8,3.9,22.27,4.06,2.3,1.3,UW2,4,3,
B9,5B,5,7.8,3.1,13.36,2.22,3.83,2.91,UW2,4,3,
K236,5B,5,7.8,3.7,20.37,4.07,3.47,2.37,UW2,4,3,
K50,3A,3,7.65,4.4,34.11,5.86,3.82,2.92,UW2,4,3,
B120,3A,3,7.65,4,19.85,3.86,3,2.26,UW2,4,3,
K233,3A,3,7.65,4.3,32.3,5.19,2.83,2.44,UW2,4,3,
B77,3A,3,7.65,4.2,22.95,4.26,3.77,2.72,UW2,4,3,
B91,3A,3,7.65,3.6,22.08,3.71,2.28,1.64,UW2,4,3,
K83,3A,3,7.65,3.2,13.96,2.74,2.47,1.74,UW2,4,3,
B45,3A,3,7.65,4.1,25.91,4.33,2.04,1.42,UW2,4,3,
B68,3A,3,7.65,4,26.78,5.12,1.94,1.12,UW2,4,3,
B38,3A,3,7.65,4.5,34.14,5.88,3.58,2.91,UW2,4,3,
B104,3A,3,7.65,3.9,23.04,4.02,2.41,1.72,UW2,4,3,
B65,3A,3,7.65,4.4,36.07,6.56,3.01,2.43,UW2,4,3,
B79,3A,3,7.65,3.7,18.99,3.33,1.92,0.54,UW2,4,3,
B105,3B,3,7.65,3.7,17.57,3.09,2.14,1.49,UW2,4,3,
K243,3B,3,7.65,4.1,27.4,4.63,2.7,1.96,UW2,4,3,
B15,3B,3,7.65,3.8,22.78,4.01,2.52,1.85,UW2,4,3,
K127,3B,3,7.65,3.1,13.27,2.35,3.72,3.19,UW2,4,3,
K225,3B,3,7.65,4.2,26.7,5.04,2.85,2.03,UW2,4,3,
K248,3B,3,7.65,3.9,26.9,4.96,2.19,1.47,UW2,4,3,
K209,3B,3,7.65,5,54.06,9.13,3.14,2.35,UW2,4,3,
B25,3B,3,7.65,3.3,14.92,2.55,2.08,0.87,UW2,4,3,
B37,3B,3,7.65,3.9,23.09,4.12,2.9,2.42,UW2,4,3,
B7,3B,3,7.65,3.7,19.22,3.53,2.03,1.39,UW2,4,3,
B46,3B,3,7.65,4.6,32.92,5.03,2.28,1.44,UW2,4,3,
K208,3B,3,7.65,3.35,15.92,2.92,3.01,2.37,UW2,4,3,
K202,4A,4,7.65,4.2,29.84,5.35,3.16,2.31,UW2,4,3,
K212,4A,4,7.65,3.75,22.1,3.79,2.14,0.94,UW2,4,3,
K214,4A,4,7.65,5.1,43.47,7.55,3.73,2.98,UW2,4,3,
K218,4A,4,7.65,3.2,14.36,2.65,3.4,2.76,UW2,4,3,
K210,4A,4,7.65,4.1,25.92,4.75,2.37,1.37,UW2,4,3,
K231,4A,4,7.65,3.7,19.33,3.61,2.94,1.11,UW2,4,3,
B86,4A,4,7.65,3.7,18.53,3.25,2.59,1.65,UW2,4,3,
B62,4A,4,7.65,4.65,29.87,5.2,2.61,1.9,UW2,4,3,
K129,4A,4,7.65,3.2,15.12,2.85,3.23,2.58,UW2,4,3,
B63,4A,4,7.65,4,26.31,4.49,3.77,3.1,UW2,4,3,
K259,4A,4,7.65,2.8,10.58,1.78,2.24,1.8,UW2,4,3,
K246,4A,4,7.65,3.7,20.83,3.5,3.25,2.34,UW2,4,3,
B113,4B,4,7.65,5.65,70.01,11.35,2.58,2.4,UW2,4,3,
B32,4B,4,7.65,4.4,29.58,5.12,2.49,1.6,UW2,4,3,
B60,4B,4,7.65,3.2,14.6,2.79,3.38,2.84,UW2,4,3,
K120,4B,4,7.65,3.8,16.34,2.56,2.72,2.23,UW2,4,3,
B121,4B,4,7.65,3.8,16.34,2.56,3.27,1.87,UW2,4,3,
K265,4B,4,7.65,3.6,15.15,2.81,3.29,2.76,UW2,4,3,
K222,4B,4,7.65,3.5,18.06,3.57,2.96,2.57,UW2,4,3,
K242,4B,4,7.65,4.4,31.97,5.44,2.52,1.8,UW2,4,3,
B19,4B,4,7.65,3.35,16.77,2.98,2.96,2.32,UW2,4,3,
B50,4B,4,7.65,3.7,14.8,2.61,2.29,1.55,UW2,4,3,
K221,4B,4,7.65,5,53.31,8.89,3.45,2.97,UW2,4,3,
K262,4B,4,7.65,3.1,18.33,3.06,2.71,2.15,UW2,4,3,
B10,6A,6,7.8,3.6,18.1,3.13,2.32,1.09,UW2,4,3,
K261,6A,6,7.8,3.4,15.05,2.81,2.96,2.18,UW2,4,3,
B42,6A,6,7.8,3.5,14.73,2.7,2.28,1.31,UW2,4,3,
B80,6A,6,7.8,3.7,15.6,2.95,3.81,3.15,UW2,4,3,
B115,6A,6,7.8,4,19.95,3.74,3.22,2.33,UW2,4,3,
K35,6A,6,7.8,3.8,21.45,4.15,2.04,1.19,UW2,4,3,
K9,6A,6,7.8,3.9,19.89,3.55,2.27,1.47,UW2,4,3,
K77,6A,6,7.8,5,52.19,9.3,3.7,2.45,UW2,4,3,
K211,6A,6,7.8,3.7,19.8,3.35,3.51,2.22,UW2,4,3,
B108,6A,6,7.8,3.5,16.14,3.16,2.56,1.4,UW2,4,3,
B27,6A,6,7.8,3.6,18.7,3.16,2.91,2.27,UW2,4,3,
B24,6A,6,7.8,3.3,13.09,2.42,3.29,1.79,UW2,4,3,
K244,6B,6,7.8,4.4,35.48,6.05,3.92,2.82,UW2,4,3,
B11,6B,6,7.8,3.5,18.05,3.23,2.02,0.75,UW2,4,3,
K121,6B,6,7.8,3.2,15.2,2.72,2.72,1.34,UW2,4,3,
B33,6B,6,7.8,3.7,21.11,3.49,2.62,0.81,UW2,4,3,
B6,6B,6,7.8,3.1,13.39,2.56,3.64,2.94,UW2,4,3,
B118,6B,6,7.8,4,21.05,3.79,2.91,1.65,UW2,4,3,
B87,6B,6,7.8,3.6,19.91,3.64,2.68,1.5,UW2,4,3,
B13,6B,6,7.8,3.5,18.58,3.48,2.57,1.1,UW2,4,3,
B75,6B,6,7.8,4.8,34.06,6.25,3.08,2.12,UW2,4,3,
K238,6B,6,7.8,3.7,21.78,4.32,2.6,1.46,UW2,4,3,
B51,6B,6,7.8,4.1,19.18,3.59,3.62,2.37,UW2,4,3,
B2,6B,6,7.8,3.3,14.84,2.59,2.8,1.7,UW2,4,3,
K60,8A,8,7.65,4.1,29.89,5.8,2.15,1.51,UW2,4,3,
K47,8A,8,7.65,4,29,5,3.07,1.54,UW2,4,3,
K6,8A,8,7.65,3.9,23.36,4.26,2.57,1.21,UW2,4,3,
B12,8A,8,7.65,4.8,44.6,7.89,2.82,1.07,UW2,4,3,
B8,8A,8,7.65,3.3,14.72,2.57,2.98,2.26,UW2,4,3,
B34,8A,8,7.65,3.7,22.3,3.75,3.21,2.35,UW2,4,3,
B106,8A,8,7.65,4.3,25.45,"4,50",3,0.99,UW2,4,3,
K39,8A,8,7.65,3.8,18.65,3.71,3.21,1.82,UW2,4,3,
B47,8A,8,7.65,3.4,16.01,2.8,2.8,2.37,UW2,4,3,
K250,8A,8,7.65,3.8,22.5,4.32,2.53,1.93,UW2,4,3,
K227,8A,8,7.65,3.5,21.54,3.68,3.6,2.92,UW2,4,3,
K266,8A,8,7.65,3.3,14.34,2.64,2.6,1.84,UW2,4,3,
B40,8B,8,7.65,3.8,23.95,4.63,3.82,2.81,UW2,4,3,
B44,8B,8,7.65,5.4,52.83,9.33,2.55,1.06,UW2,4,3,
B56,8B,8,7.65,5.5,40.02,6.9,2.78,1.92,UW2,4,3,
B54,8B,8,7.65,3.4,17.31,3.16,2.89,1.6,UW2,4,3,
B107,8B,8,7.65,3.7,18.92,3.22,2.87,2.15,UW2,4,3,
K256,8B,8,7.65,4.1,28.36,5.03,2.91,0.84,UW2,4,3,
B22,8B,8,7.65,2.9,10.76,1.86,2.74,2.32,UW2,4,3,
K18,8B,8,7.65,4.25,25.5,4.37,2.28,1.81,UW2,4,3,
K245,8B,8,7.65,3.3,16.85,2.86,1.96,1.52,UW2,4,3,
K46,8B,8,7.65,4.4,30.21,5.05,2.72,2.58,UW2,4,3,
K257,8B,8,7.65,2.8,10.32,2.05,2.84,2.54,UW2,4,3,
B57,8B,8,7.65,3.1,13.07,2.49,3.52,3.17,UW2,4,3,
B67,9A,9,7.5,3.7,14.61,3.01,2.71,2.44,UW2,4,3,
B97,9A,9,7.5,3.6,20.47,3.84,2.27,1.99,UW2,4,3,
B98,9A,9,7.5,4.25,27.73,4.88,2.92,2.68,UW2,4,3,
B29,9A,9,7.5,3.6,17.64,3.13,3.5,3.17,UW2,4,3,
B31,9A,9,7.5,4.1,24.6,4.38,2.7,2.37,UW2,4,3,
B96,9A,9,7.5,3.9,20.63,3.68,2.53,2.12,UW2,4,3,
B88,9A,9,7.5,3.6,17.23,2.6,2.96,2.47,UW2,4,3,
K254,9A,9,7.5,4,26.74,5.08,3.48,3.47,UW2,4,3,
K215,9A,9,7.5,3.1,12.09,2.13,3.19,2.81,UW2,4,3,
B55,9A,9,7.5,3.5,16.06,3.02,3.86,3.57,UW2,4,3,
B3,9A,9,7.5,3.8,19.88,3.63,2.89,2.48,UW2,4,3,
B83,9A,9,7.5,3.6,18.18,3.33,3.7,3.32,UW2,4,3,
B28,9B,9,7.5,3.1,12.45,2.34,2.77,2.51,UW2,4,3,
K247,9B,9,7.5,4.1,25.2,4.32,2.83,2.44,UW2,4,3,
B36,9B,9,7.5,3.5,18.28,2.92,2.39,1.45,UW2,4,3,
K56,9B,9,7.5,3.6,16.24,3.04,3.25,2.99,UW2,4,3,
K253,9B,9,7.5,3.8,23.29,3.98,2.45,1.99,UW2,4,3,
K229,9B,9,7.5,4.9,44.99,7.76,3.94,3.85,UW2,4,3,
B112,9B,9,7.5,3.7,18.22,3.33,3.22,3.03,UW2,4,3,
K224,9B,9,7.5,3.6,17.76,3.15,2.78,2.63,UW2,4,3,
K89,9B,9,7.5,3.5,17.66,3,3.2,3.01,UW2,4,3,
B117,9B,9,7.5,3.6,16.74,3.05,2.74,1.86,UW2,4,3,
B109,9B,9,7.5,5.7,66.46,11.33,3.86,3.83,UW2,4,3,
B59,9B,9,7.5,3.4,15.37,2.85,2.92,2.69,UW2,4,3,
K217,10A,10,7.5,4.5,32.87,5.95,4.22,4.03,UW2,4,3,
B123,10A,10,7.5,3.85,21.87,3.79,3.05,2.86,UW2,4,3,
B103,10A,10,7.5,3.8,19.2,3.44,2.77,2.58,UW2,4,3,
K263,10A,10,7.5,3.4,13.96,2.38,2.69,2.34,UW2,4,3,
K8,10A,10,7.5,4.15,23.87,4.23,2.78,2.49,UW2,4,3,
K232,10A,10,7.5,4.2,33.38,6.06,2.6,2.39,UW2,4,3,
B35,10A,10,7.5,3.8,21.45,4.15,3.35,3.17,UW2,4,3,
B92,10A,10,7.5,3.3,16.62,3.15,2.56,2.38,UW2,4,3,
K235,10A,10,7.5,4.4,32.86,5.58,2.62,2.4,UW2,4,3,
K49,10A,10,7.5,4.8,36.23,6.8,3.47,3.11,UW2,4,3,
K203,10A,10,7.5,4.1,25.2,4.33,2.14,1.83,UW2,4,3,
B71,10A,10,7.5,4.1,25.99,4.58,3.06,2.82,UW2,4,3,
K260,10B,10,7.5,3,12.95,2.47,2.93,2.56,UW2,4,3,
K207,10B,10,7.5,4,24.05,4.42,3.21,2.97,UW2,4,3,
B72,10B,10,7.5,3.9,26.72,4.73,2.97,2.96,UW2,4,3,
B82,10B,10,7.5,4.1,29.86,5.46,2.72,2.59,UW2,4,3,
K71,10B,10,7.5,4.2,25.86,4.27,2.51,2.04,UW2,4,3,
B20,10B,10,7.5,3.2,14.91,2.6,2.95,2,UW2,4,3,
B48,10B,10,7.5,3.8,17.18,3.28,2.55,2.29,UW2,4,3,
B30,10B,10,7.5,3.2,14.3,2.6,2.96,2.72,UW2,4,3,
B49,10B,10,7.5,3.2,13.95,2.44,3.16,2.65,UW2,4,3,
K258,10B,10,7.5,3.8,16.09,2.95,3.13,2.78,UW2,4,3,
K237,10B,10,7.5,4.9,44.7,8.05,3.76,3.72,UW2,4,3,
K230,10B,10,7.5,3.5,17.89,3.26,2.32,2.04,UW2,4,3,
B110,11A,11,7.5,4.15,25.24,4.67,3.43,3.09,UW2,4,3,
K117,11A,11,7.5,4,25.78,4.14,3.63,2.57,UW2,4,3,
B101,11A,11,7.5,4.9,38.98,7.23,1.9,1.58,UW2,4,3,
B16,11A,11,7.5,3.4,17.05,2.98,2.65,2.27,UW2,4,3,
B84,11A,11,7.5,4.4,35.5,5.81,3.53,3.27,UW2,4,3,
B111,11A,11,7.5,3.8,17.02,3.12,3.43,3.18,UW2,4,3,
B89,11A,11,7.5,4,23.13,3.87,2.53,2.26,UW2,4,3,
B119,11A,11,7.5,4.3,28.13,5.04,3.29,2.91,UW2,4,3,
K228,11A,11,7.5,4,33.43,5.97,2.85,2.61,UW2,4,3,
B93,11A,11,7.5,3.5,16.58,3.11,2.58,2.19,UW2,4,3,
K264`,11A,11,7.5,3.5,17.04,3.02,2.36,1.89,UW2,4,3,
B73,11A,11,7.5,3.9,23.5,3.99,2.99,2.75,UW2,4,3,
B17,11B,11,7.5,3.4,15.79,2.73,3.85,3.66,UW2,4,3,
K223,11B,11,7.5,4,24.04,4.4,2.36,1.4,UW2,4,3,
K123,11B,11,7.5,3.7,19.17,3.32,2.78,2.3,UW2,4,3,
K206,11B,11,7.5,4,23.72,4.32,2.88,2.5,UW2,4,3,
B94,11B,11,7.5,3.7,19.15,3.46,2.87,1.44,UW2,4,3,
B74,11B,11,7.5,3.45,15.62,2.95,3.61,3.29,UW2,4,3,
B1,11B,11,7.5,3.3,24.69,2.88,3.91,3.26,UW2,4,3,
B70,11B,11,7.5,3.8,22.42,3.81,2.78,2.36,UW2,4,3,
B21,11B,11,7.5,3.3,17.43,2.81,3.03,2.42,UW2,4,3,
B102,11B,11,7.5,3.55,17.28,3.3,3.32,2.64,UW2,4,3,
K239,11B,11,7.5,3.5,20.01,3.67,2.53,1.93,UW2,4,3,
B85,11B,11,7.5,3.1,14.86,2.77,2.53,2.29,UW2,4,3,
K254,1A,1,7.8,4,26.74,5.08,2.69,1.93,R2,5,3,
K213,1A,1,7.8,3.6,23.6,3.89,2.23,1.37,R2,5,3,
B4,1A,1,7.8,3.5,16.18,2.85,2.71,1.67,R2,5,3,
B122,1A,1,7.8,4.2,24.23,4.28,2.82,2.03,R2,5,3,
K84,1A,1,7.8,3.2,16.32,3.12,3.57,3.33,R2,5,3,
K216,1A,1,7.8,4.2,27.46,4.72,2.21,1.26,R2,5,3,
B23,1A,1,7.8,3.7,25.85,4.65,2.84,1.92,R2,5,3,
B69,1A,1,7.8,4,20.46,3.83,3.21,2.25,R2,5,3,
B39,1A,1,7.8,3.9,26.36,4.62,3.08,2.5,R2,5,3,
B100,1A,1,7.8,4.9,40.49,7.2,3.2,0.44,R2,5,3,
B114,1A,1,7.8,4.5,35.04,5.73,2.83,1.23,R2,5,3,
K249,1A,1,7.8,4.2,30.76,5.55,2.91,2.18,R2,5,3,
B18,1B,1,7.8,3.7,17.64,3,3.4,2.42,R2,5,3,
K100,1B,1,7.8,4.55,35.92,6.98,3.32,2.75,R2,5,3,
B53,1B,1,7.8,4.1,23,3.91,2.44,1.52,R2,5,3,
B76,1B,1,7.8,4,19.92,3.47,3.32,2.46,R2,5,3,
K13,1B,1,7.8,4.8,31.7,5.68,3.25,2.54,R2,5,3,
B90,1B,1,7.8,3.5,21.69,4.23,2.7,2.05,R2,5,3,
B26,1B,1,7.8,4,28.19,5.05,4.08,3.36,R2,5,3,
B5,1B,1,7.8,3.4,16.61,3.14,4.01,3.45,R2,5,3,
B124,1B,1,7.8,4.3,29.12,5.09,2.19,1.45,R2,5,3,
B99,1B,1,7.8,3.9,16.65,3.32,2.23,1.76,R2,5,3,
B61,1B,1,7.8,3.8,20.58,3.68,3.01,2.47,R2,5,3,
K255,1B,1,7.8,3.5,18.71,3.45,2.21,1.73,R2,5,3,
K54,5A,5,7.8,4.5,34.85,6.25,2.2,2.6,R2,5,3,
K205,5A,5,7.8,4.1,26.49,4.65,2.49,1.73,R2,5,3,
K226,5A,5,7.8,5.4,48.79,9.12,3.3,2.24,R2,5,3,
K200,5A,5,7.8,4.8,37.57,6.54,3.09,2.9,R2,5,3,
B95,5A,5,7.8,4.1,23.12,4.13,2.28,1.35,R2,5,3,
B52,5A,5,7.8,3.8,20.73,3.74,2.01,1.39,R2,5,3,
K201,5A,5,7.8,3.4,18.13,3.32,2.23,1.4,R2,5,3,
B66,5A,5,7.8,4.25,25.33,4.71,2.29,1.67,R2,5,3,
K16,5A,5,7.8,3.8,20.02,3.53,2.99,1.98,R2,5,3,
B81,5A,5,7.8,4.2,27.54,4.9,2.51,2.24,R2,5,3,
K31,5A,5,7.8,4.65,30.34,5.34,2.84,1.85,R2,5,3,
B64,5A,5,7.8,3.8,18.15,3.21,2.01,0.41,R2,5,3,
K220,5B,5,7.8,3.5,18.76,3.16,2.53,1.71,R2,5,3,
B58,5B,5,7.8,4.1,26.65,4.5,2.55,1.43,R2,5,3,
K241,5B,5,7.8,4.2,30.59,5.18,2.17,0.51,R2,5,3,
B41,5B,5,7.8,4.6,38.46,6.94,3.03,2.48,R2,5,3,
B78,5B,5,7.8,3.8,19.05,3.61,1.89,0.65,R2,5,3,
K219,5B,5,7.8,3.5,19.55,3.59,2.68,2.18,R2,5,3,
K240,5B,5,7.8,3.5,17.03,3.12,2.76,1.92,R2,5,3,
K252,5B,5,7.8,4.2,28.92,5.25,1.91,0.38,R2,5,3,
B43,5B,5,7.8,3.3,17.7,3.1,2.35,1.81,R2,5,3,
B116,5B,5,7.8,3.9,22.27,4.06,1.98,0.51,R2,5,3,
B9,5B,5,7.8,3.1,13.36,2.22,2.62,2.06,R2,5,3,
K236,5B,5,7.8,3.7,20.37,4.07,2.84,1.04,R2,5,3,
K50,3A,3,7.65,4.4,34.11,5.86,2.14,0,R2,5,3,
B120,3A,3,7.65,4,19.85,3.86,2.17,1.43,R2,5,3,
K233,3A,3,7.65,4.3,32.3,5.19,2.41,0.76,R2,5,3,
B77,3A,3,7.65,4.2,22.95,4.26,2.55,0.85,R2,5,3,
B91,3A,3,7.65,3.6,22.08,3.71,2.61,0.06,R2,5,3,
K83,3A,3,7.65,3.2,13.96,2.74,2.5,1.4,R2,5,3,
B45,3A,3,7.65,4.1,25.91,4.33,4.4,1.72,R2,5,3,
B68,3A,3,7.65,4,26.78,5.12,4.63,2.15,R2,5,3,
B38,3A,3,7.65,4.5,34.14,5.88,2.19,0.98,R2,5,3,
B104,3A,3,7.65,3.9,23.04,4.02,3.07,1.38,R2,5,3,
B65,3A,3,7.65,4.4,36.07,6.56,2.76,1.3,R2,5,3,
B79,3A,3,7.65,3.7,18.99,3.33,3.78,2.97,R2,5,3,
B105,3B,3,7.65,3.7,17.57,3.09,2.16,1.33,R2,5,3,
K243,3B,3,7.65,4.1,27.4,4.63,2.95,2.08,R2,5,3,
B15,3B,3,7.65,3.8,22.78,4.01,3.19,2.43,R2,5,3,
K127,3B,3,7.65,3.1,13.27,2.35,2.72,1.88,R2,5,3,
K225,3B,3,7.65,4.2,26.7,5.04,2.73,1.87,R2,5,3,
K248,3B,3,7.65,3.9,26.9,4.96,2.42,1.46,R2,5,3,
K209,3B,3,7.65,5,54.06,9.13,2.48,1.81,R2,5,3,
B25,3B,3,7.65,3.3,14.92,2.55,2.99,2.07,R2,5,3,
B37,3B,3,7.65,3.9,23.09,4.12,2.42,1.66,R2,5,3,
B7,3B,3,7.65,3.7,19.22,3.53,2.56,1.2,R2,5,3,
B46,3B,3,7.65,4.6,32.92,5.03,3.01,2.33,R2,5,3,
K208,3B,3,7.65,3.35,15.92,2.92,3.3,2.68,R2,5,3,
K202,4A,4,7.65,4.2,29.84,5.35,2.11,0.48,R2,5,3,
K212,4A,4,7.65,3.75,22.1,3.79,1.9,0.7,R2,5,3,
K214,4A,4,7.65,5.1,43.47,7.55,4.7,3.25,R2,5,3,
K218,4A,4,7.65,3.2,14.36,2.65,2.12,1.26,R2,5,3,
K210,4A,4,7.65,4.1,25.92,4.75,2.35,0.7,R2,5,3,
K231,4A,4,7.65,3.7,19.33,3.61,2.53,0.74,R2,5,3,
B86,4A,4,7.65,3.7,18.53,3.25,2.71,1.42,R2,5,3,
B62,4A,4,7.65,4.65,29.87,5.2,2.59,1.97,R2,5,3,
K129,4A,4,7.65,3.2,15.12,2.85,2.67,1.16,R2,5,3,
B63,4A,4,7.65,4,26.31,4.49,2.59,1.57,R2,5,3,
K259,4A,4,7.65,2.8,10.58,1.78,2.19,1.52,R2,5,3,
K246,4A,4,7.65,3.7,20.83,3.5,2.17,0.61,R2,5,3,
B113,4B,4,7.65,5.65,70.01,11.35,2.5,2.49,R2,5,3,
B32,4B,4,7.65,4.4,29.58,5.12,2.7,1.14,R2,5,3,
B60,4B,4,7.65,3.2,14.6,2.79,3.13,1.92,R2,5,3,
K120,4B,4,7.65,3.8,16.34,2.56,2.85,1.25,R2,5,3,
B121,4B,4,7.65,3.8,16.34,2.56,2.41,1.42,R2,5,3,
K265,4B,4,7.65,3.6,15.15,2.81,2.39,1.86,R2,5,3,
K222,4B,4,7.65,3.5,18.06,3.57,2.51,1.7,R2,5,3,
K242,4B,4,7.65,4.4,31.97,5.44,2.43,1.06,R2,5,3,
B19,4B,4,7.65,3.35,16.77,2.98,2.28,1.09,R2,5,3,
B50,4B,4,7.65,3.7,14.8,2.61,3.6,2,R2,5,3,
K221,4B,4,7.65,5,53.31,8.89,4.34,3.76,R2,5,3,
K262,4B,4,7.65,3.1,18.33,3.06,4.22,2.7,R2,5,3,
B10,6A,6,7.8,3.6,18.1,3.13,2.32,0.57,R2,5,3,
K261,6A,6,7.8,3.4,15.05,2.81,2.31,1.19,R2,5,3,
B42,6A,6,7.8,3.5,14.73,2.7,2.59,1.52,R2,5,3,
B80,6A,6,7.8,3.7,15.6,2.95,2.46,1.48,R2,5,3,
B115,6A,6,7.8,4,19.95,3.74,2.76,0.98,R2,5,3,
K35,6A,6,7.8,3.8,21.45,4.15,2.79,2.23,R2,5,3,
K9,6A,6,7.8,3.9,19.89,3.55,2.6,1.92,R2,5,3,
K77,6A,6,7.8,5,52.19,9.3,3.98,1.17,R2,5,3,
K211,6A,6,7.8,3.7,19.8,3.35,2.55,1.74,R2,5,3,
B108,6A,6,7.8,3.5,16.14,3.16,2.35,0.95,R2,5,3,
B27,6A,6,7.8,3.6,18.7,3.16,2.46,1.2,R2,5,3,
B24,6A,6,7.8,3.3,13.09,2.42,2.37,1.56,R2,5,3,
K244,6B,6,7.8,4.4,35.48,6.05,4.29,3.05,R2,5,3,
B11,6B,6,7.8,3.5,18.05,3.23,2.18,0.74,R2,5,3,
K121,6B,6,7.8,3.2,15.2,2.72,2.42,1.66,R2,5,3,
B33,6B,6,7.8,3.7,21.11,3.49,2.15,1.27,R2,5,3,
B6,6B,6,7.8,3.1,13.39,2.56,2.4,1.85,R2,5,3,
B118,6B,6,7.8,4,21.05,3.79,1.82,0.54,R2,5,3,
B87,6B,6,7.8,3.6,19.91,3.64,2.2,1.38,R2,5,3,
B13,6B,6,7.8,3.5,18.58,3.48,2.05,1.34,R2,5,3,
B75,6B,6,7.8,4.8,34.06,6.25,2.46,1.95,R2,5,3,
K238,6B,6,7.8,3.7,21.78,4.32,2.06,0.75,R2,5,3,
B51,6B,6,7.8,4.1,19.18,3.59,2.41,0.35,R2,5,3,
B2,6B,6,7.8,3.3,14.84,2.59,2,1.33,R2,5,3,
K60,8A,8,7.65,4.1,29.89,5.8,3.2,1.31,R2,5,3,
K47,8A,8,7.65,4,29,5,2.36,0.27,R2,5,3,
K6,8A,8,7.65,3.9,23.36,4.26,3.61,3.25,R2,5,3,
B12,8A,8,7.65,4.8,44.6,7.89,2.29,1.63,R2,5,3,
B8,8A,8,7.65,3.3,14.72,2.57,2.29,1.39,R2,5,3,
B34,8A,8,7.65,3.7,22.3,3.75,2.8,1.63,R2,5,3,
B106,8A,8,7.65,4.3,25.45,"4,50",2.92,2.12,R2,5,3,
K39,8A,8,7.65,3.8,18.65,3.71,2.75,1.84,R2,5,3,
B47,8A,8,7.65,3.4,16.01,2.8,3.06,1.49,R2,5,3,
K250,8A,8,7.65,3.8,22.5,4.32,3.65,2.48,R2,5,3,
K227,8A,8,7.65,3.5,21.54,3.68,3.74,2.95,R2,5,3,
K266,8A,8,7.65,3.3,14.34,2.64,3.12,2.03,R2,5,3,
B40,8B,8,7.65,3.8,23.95,4.63,2.45,1.19,R2,5,3,
B44,8B,8,7.65,5.4,52.83,9.33,3.98,3.14,R2,5,3,
B56,8B,8,7.65,5.5,40.02,6.9,2.66,1.53,R2,5,3,
B54,8B,8,7.65,3.4,17.31,3.16,2.23,1.34,R2,5,3,
B107,8B,8,7.65,3.7,18.92,3.22,3.08,1.97,R2,5,3,
K256,8B,8,7.65,4.1,28.36,5.03,2.85,1.27,R2,5,3,
B22,8B,8,7.65,2.9,10.76,1.86,2.19,1.17,R2,5,3,
K18,8B,8,7.65,4.25,25.5,4.37,2.23,1.49,R2,5,3,
K245,8B,8,7.65,3.3,16.85,2.86,2.24,1.63,R2,5,3,
K46,8B,8,7.65,4.4,30.21,5.05,4.12,1.85,R2,5,3,
K257,8B,8,7.65,2.8,10.32,2.05,3.32,2.44,R2,5,3,
B57,8B,8,7.65,3.1,13.07,2.49,2.34,1.43,R2,5,3,
B67,9A,9,7.5,3.7,14.61,3.01,2.73,1.75,R2,5,3,
B97,9A,9,7.5,3.6,20.47,3.84,2.58,1.32,R2,5,3,
B98,9A,9,7.5,4.25,27.73,4.88,3.84,3.22,R2,5,3,
B29,9A,9,7.5,3.6,17.64,3.13,3.06,2.05,R2,5,3,
B31,9A,9,7.5,4.1,24.6,4.38,2.85,2.46,R2,5,3,
B96,9A,9,7.5,3.9,20.63,3.68,2.32,1.39,R2,5,3,
B88,9A,9,7.5,3.6,17.23,2.6,3.86,2.35,R2,5,3,
K254,9A,9,7.5,4,26.74,5.08,2.92,dead,R2,5,3,
K215,9A,9,7.5,3.1,12.09,2.13,3.04,2.42,R2,5,3,
B55,9A,9,7.5,3.5,16.06,3.02,3.62,3.16,R2,5,3,
B3,9A,9,7.5,3.8,19.88,3.63,2.13,1.12,R2,5,3,
B83,9A,9,7.5,3.6,18.18,3.33,2.7,2.35,R2,5,3,
B28,9B,9,7.5,3.1,12.45,2.34,4.61,3.87,R2,5,3,
K247,9B,9,7.5,4.1,25.2,4.32,3.56,2.8,R2,5,3,
B36,9B,9,7.5,3.5,18.28,2.92,3.49,2.71,R2,5,3,
K56,9B,9,7.5,3.6,16.24,3.04,2.93,2.11,R2,5,3,
K253,9B,9,7.5,3.8,23.29,3.98,3.23,1.14,R2,5,3,
K229,9B,9,7.5,4.9,44.99,7.76,3.48,1.36,R2,5,3,
B112,9B,9,7.5,3.7,18.22,3.33,2.42,1.82,R2,5,3,
K224,9B,9,7.5,3.6,17.76,3.15,3.17,2.23,R2,5,3,
K89,9B,9,7.5,3.5,17.66,3,2.86,1.68,R2,5,3,
B117,9B,9,7.5,3.6,16.74,3.05,3,2.35,R2,5,3,
B109,9B,9,7.5,5.7,66.46,11.33,3.29,2.23,R2,5,3,
B59,9B,9,7.5,3.4,15.37,2.85,2.94,1.77,R2,5,3,
K217,10A,10,7.5,4.5,32.87,5.95,2.66,1.8,R2,5,3,
B123,10A,10,7.5,3.85,21.87,3.79,2.71,1.83,R2,5,3,
B103,10A,10,7.5,3.8,19.2,3.44,2.76,1.37,R2,5,3,
K263,10A,10,7.5,3.4,13.96,2.38,2.65,2.34,R2,5,3,
K8,10A,10,7.5,4.15,23.87,4.23,2.52,2.12,R2,5,3,
K232,10A,10,7.5,4.2,33.38,6.06,2.71,2.11,R2,5,3,
B35,10A,10,7.5,3.8,21.45,4.15,2.59,1.15,R2,5,3,
B92,10A,10,7.5,3.3,16.62,3.15,3.79,2.92,R2,5,3,
K235,10A,10,7.5,4.4,32.86,5.58,3.56,2.7,R2,5,3,
K49,10A,10,7.5,4.8,36.23,6.8,3.8,3.14,R2,5,3,
K203,10A,10,7.5,4.1,25.2,4.33,4.08,3.06,R2,5,3,
B71,10A,10,7.5,4.1,25.99,4.58,4.32,3.41,R2,5,3,
K260,10B,10,7.5,3,12.95,2.47,2.15,1.16,R2,5,3,
K207,10B,10,7.5,4,24.05,4.42,3.04,2.01,R2,5,3,
B72,10B,10,7.5,3.9,26.72,4.73,2.03,1.03,R2,5,3,
B82,10B,10,7.5,4.1,29.86,5.46,2.53,1.4,R2,5,3,
K71,10B,10,7.5,4.2,25.86,4.27,2.34,1.28,R2,5,3,
B20,10B,10,7.5,3.2,14.91,2.6,3.01,2.19,R2,5,3,
B48,10B,10,7.5,3.8,17.18,3.28,2.65,1.67,R2,5,3,
B30,10B,10,7.5,3.2,14.3,2.6,2.5,1.59,R2,5,3,
B49,10B,10,7.5,3.2,13.95,2.44,2.26,1.05,R2,5,3,
K258,10B,10,7.5,3.8,16.09,2.95,4.01,3.14,R2,5,3,
K237,10B,10,7.5,4.9,44.7,8.05,3.62,2.72,R2,5,3,
K230,10B,10,7.5,3.5,17.89,3.26,2.14,1.34,R2,5,3,
B110,11A,11,7.5,4.15,25.24,4.67,2.23,1.11,R2,5,3,
K117,11A,11,7.5,4,25.78,4.14,2.07,0.72,R2,5,3,
B101,11A,11,7.5,4.9,38.98,7.23,2.66,2.07,R2,5,3,
B16,11A,11,7.5,3.4,17.05,2.98,1.93,1.31,R2,5,3,
B84,11A,11,7.5,4.4,35.5,5.81,3.05,2.48,R2,5,3,
B111,11A,11,7.5,3.8,17.02,3.12,2.58,1.34,R2,5,3,
B89,11A,11,7.5,4,23.13,3.87,3.33,1.48,R2,5,3,
B119,11A,11,7.5,4.3,28.13,5.04,4.65,4,R2,5,3,
K228,11A,11,7.5,4,33.43,5.97,3.66,2.48,R2,5,3,
B93,11A,11,7.5,3.5,16.58,3.11,2.85,1.91,R2,5,3,
K264`,11A,11,7.5,3.5,17.04,3.02,2.88,2.07,R2,5,3,
B73,11A,11,7.5,3.9,23.5,3.99,4.13,3.37,R2,5,3,
B17,11B,11,7.5,3.4,15.79,2.73,2.41,1.27,R2,5,3,
K223,11B,11,7.5,4,24.04,4.4,3.19,2.25,R2,5,3,
K123,11B,11,7.5,3.7,19.17,3.32,3.04,0.86,R2,5,3,
K206,11B,11,7.5,4,23.72,4.32,3.5,2.24,R2,5,3,
B94,11B,11,7.5,3.7,19.15,3.46,3.54,2.43,R2,5,3,
B74,11B,11,7.5,3.45,15.62,2.95,3.81,3,R2,5,3,
B1,11B,11,7.5,3.3,24.69,2.88,3.54,2.71,R2,5,3,
B70,11B,11,7.5,3.8,22.42,3.81,2.45,1.4,R2,5,3,
B21,11B,11,7.5,3.3,17.43,2.81,2.73,1.67,R2,5,3,
B102,11B,11,7.5,3.55,17.28,3.3,2.41,1.63,R2,5,3,
K239,11B,11,7.5,3.5,20.01,3.67,2.46,1,R2,5,3,
B85,11B,11,7.5,3.1,14.86,2.77,2.79,1.78,R2,5,3,
K254,1A,1,7.8,4,26.74,5.08,2.32,0,UW3,6,4,
K213,1A,1,7.8,3.6,23.6,3.89,2.23,0.695,UW3,6,4,
B4,1A,1,7.8,3.5,16.18,2.85,2.56,1.32,UW3,6,4,
B122,1A,1,7.8,4.2,24.23,4.28,2.6,0.51,UW3,6,4,
K84,1A,1,7.8,3.2,16.32,3.12,1.86,0.65,UW3,6,4,
K216,1A,1,7.8,4.2,27.46,4.72,2.58,1.26,UW3,6,4,
B23,1A,1,7.8,3.7,25.85,4.65,2.5,0.79,UW3,6,4,
B69,1A,1,7.8,4,20.46,3.83,2.69,1.19,UW3,6,4,
B39,1A,1,7.8,3.9,26.36,4.62,2.62,1.08,UW3,6,4,
B100,1A,1,7.8,4.9,40.49,7.2,3.2,1.31,UW3,6,4,
B114,1A,1,7.8,4.5,35.04,5.73,2.37,0.02,UW3,6,4,
K249,1A,1,7.8,4.2,30.76,5.55,2.75,1.52,UW3,6,4,
B18,1B,1,7.8,3.7,17.64,3,2.42,0.63,UW3,6,4,
K100,1B,1,7.8,4.55,35.92,6.98,3.08,0.66,UW3,6,4,
B53,1B,1,7.8,4.1,23,3.91,2.02,0.36,UW3,6,4,
B76,1B,1,7.8,4,19.92,3.47,2.32,0.44,UW3,6,4,
K13,1B,1,7.8,4.8,31.7,5.68,3.11,1.97,UW3,6,4,
B90,1B,1,7.8,3.5,21.69,4.23,0.93,1.1,UW3,6,4,
B26,1B,1,7.8,4,28.19,5.05,2.31,1.16,UW3,6,4,
B5,1B,1,7.8,3.4,16.61,3.14,3.09,2.25,UW3,6,4,
B124,1B,1,7.8,4.3,29.12,5.09,1.96,0.43,UW3,6,4,
B99,1B,1,7.8,3.9,16.65,3.32,2.75,1.93,UW3,6,4,
B61,1B,1,7.8,3.8,20.58,3.68,2.73,1.66,UW3,6,4,
K255,1B,1,7.8,3.5,18.71,3.45,2.49,0.64,UW3,6,4,
K54,5A,5,7.8,4.5,34.85,6.25,2.54,1.7,UW3,6,4,
K205,5A,5,7.8,4.1,26.49,4.65,2.84,1.03,UW3,6,4,
K226,5A,5,7.8,5.4,48.79,9.12,3.22,2.33,UW3,6,4,
K200,5A,5,7.8,4.8,37.57,6.54,3.11,2.01,UW3,6,4,
B95,5A,5,7.8,4.1,23.12,4.13,2.27,1.17,UW3,6,4,
B52,5A,5,7.8,3.8,20.73,3.74,2.35,0.79,UW3,6,4,
K201,5A,5,7.8,3.4,18.13,3.32,2.34,1.55,UW3,6,4,
B66,5A,5,7.8,4.25,25.33,4.71,2.43,1.32,UW3,6,4,
K16,5A,5,7.8,3.8,20.02,3.53,2.16,1.16,UW3,6,4,
B81,5A,5,7.8,4.2,27.54,4.9,3.09,1.66,UW3,6,4,
K31,5A,5,7.8,4.65,30.34,5.34,2.45,1.38,UW3,6,4,
B64,5A,5,7.8,3.8,18.15,3.21,2.13,1.32,UW3,6,4,
K220,5B,5,7.8,3.5,18.76,3.16,2.38,1.4,UW3,6,4,
B58,5B,5,7.8,4.1,26.65,4.5,2.76,1.78,UW3,6,4,
K241,5B,5,7.8,4.2,30.59,5.18,2.97,0.75,UW3,6,4,
B41,5B,5,7.8,4.6,38.46,6.94,3.34,2.8,UW3,6,4,
B78,5B,5,7.8,3.8,19.05,3.61,2,1.51,UW3,6,4,
K219,5B,5,7.8,3.5,19.55,3.59,2.51,2.02,UW3,6,4,
K240,5B,5,7.8,3.5,17.03,3.12,2.8,1.59,UW3,6,4,
K252,5B,5,7.8,4.2,28.92,5.25,2.39,0.97,UW3,6,4,
B43,5B,5,7.8,3.3,17.7,3.1,1.96,1.18,UW3,6,4,
B116,5B,5,7.8,3.9,22.27,4.06,3.19,1.07,UW3,6,4,
B9,5B,5,7.8,3.1,13.36,2.22,2.28,1.49,UW3,6,4,
K236,5B,5,7.8,3.7,20.37,4.07,2.75,0.82,UW3,6,4,
K50,3A,3,7.65,4.4,34.11,5.86,2.77,1.86,UW3,6,4,
B120,3A,3,7.65,4,19.85,3.86,1.96,1.47,UW3,6,4,
K233,3A,3,7.65,4.3,32.3,5.19,1.95,1.32,UW3,6,4,
B77,3A,3,7.65,4.2,22.95,4.26,2.11,0.3,UW3,6,4,
B91,3A,3,7.65,3.6,22.08,3.71,2.24,1.69,UW3,6,4,
K83,3A,3,7.65,3.2,13.96,2.74,3.58,2.84,UW3,6,4,
B45,3A,3,7.65,4.1,25.91,4.33,2.21,1.49,UW3,6,4,
B68,3A,3,7.65,4,26.78,5.12,3.93,0.82,UW3,6,4,
B38,3A,3,7.65,4.5,34.14,5.88,3.24,2.05,UW3,6,4,
B104,3A,3,7.65,3.9,23.04,4.02,2.35,1.71,UW3,6,4,
B65,3A,3,7.65,4.4,36.07,6.56,2.49,1.93,UW3,6,4,
B79,3A,3,7.65,3.7,18.99,3.33,2.76,1.78,UW3,6,4,
B105,3B,3,7.65,3.7,17.57,3.09,2.7,1.73,UW3,6,4,
K243,3B,3,7.65,4.1,27.4,4.63,2.53,1.08,UW3,6,4,
B15,3B,3,7.65,3.8,22.78,4.01,1.79,1,UW3,6,4,
K127,3B,3,7.65,3.1,13.27,2.35,2.97,2.3,UW3,6,4,
K225,3B,3,7.65,4.2,26.7,5.04,3.01,2.1,UW3,6,4,
K248,3B,3,7.65,3.9,26.9,4.96,2.41,1.33,UW3,6,4,
K209,3B,3,7.65,5,54.06,9.13,3.32,3.2,UW3,6,4,
B25,3B,3,7.65,3.3,14.92,2.55,3.12,1.89,UW3,6,4,
B37,3B,3,7.65,3.9,23.09,4.12,2.45,1.77,UW3,6,4,
B7,3B,3,7.65,3.7,19.22,3.53,3.24,2.69,UW3,6,4,
B46,3B,3,7.65,4.6,32.92,5.03,2.43,1.91,UW3,6,4,
K208,3B,3,7.65,3.35,15.92,2.92,2.45,1.96,UW3,6,4,
K202,4A,4,7.65,4.2,29.84,5.35,2.43,0.4,UW3,6,4,
K212,4A,4,7.65,3.75,22.1,3.79,2.2,0.98,UW3,6,4,
K214,4A,4,7.65,5.1,43.47,7.55,3.55,1.02,UW3,6,4,
K218,4A,4,7.65,3.2,14.36,2.65,1.82,1.22,UW3,6,4,
K210,4A,4,7.65,4.1,25.92,4.75,2.3,0.58,UW3,6,4,
K231,4A,4,7.65,3.7,19.33,3.61,2.56,1.64,UW3,6,4,
B86,4A,4,7.65,3.7,18.53,3.25,2.7,2.05,UW3,6,4,
B62,4A,4,7.65,4.65,29.87,5.2,2.36,1.53,UW3,6,4,
K129,4A,4,7.65,3.2,15.12,2.85,2.69,1.87,UW3,6,4,
B63,4A,4,7.65,4,26.31,4.49,2.39,1.74,UW3,6,4,
K259,4A,4,7.65,2.8,10.58,1.78,2.1,1.38,UW3,6,4,
K246,4A,4,7.65,3.7,20.83,3.5,2.16,1.03,UW3,6,4,
B113,4B,4,7.65,5.65,70.01,11.35,dead,dead,UW3,6,4,
B32,4B,4,7.65,4.4,29.58,5.12,2.7,1.62,UW3,6,4,
B60,4B,4,7.65,3.2,14.6,2.79,2.23,1.72,UW3,6,4,
K120,4B,4,7.65,3.8,16.34,2.56,2.07,1.7,UW3,6,4,
B121,4B,4,7.65,3.8,16.34,2.56,2.05,1.16,UW3,6,4,
K265,4B,4,7.65,3.6,15.15,2.81,2.1,1.45,UW3,6,4,
K222,4B,4,7.65,3.5,18.06,3.57,2.42,1.08,UW3,6,4,
K242,4B,4,7.65,4.4,31.97,5.44,2.01,0.77,UW3,6,4,
B19,4B,4,7.65,3.35,16.77,2.98,1.92,0.59,UW3,6,4,
B50,4B,4,7.65,3.7,14.8,2.61,2.25,1.38,UW3,6,4,
K221,4B,4,7.65,5,53.31,8.89,3.16,1.18,UW3,6,4,
K262,4B,4,7.65,3.1,18.33,3.06,1.9,1.08,UW3,6,4,
B10,6A,6,7.8,3.6,18.1,3.13,2.3,0.33,UW3,6,4,
K261,6A,6,7.8,3.4,15.05,2.81,2.46,1.04,UW3,6,4,
B42,6A,6,7.8,3.5,14.73,2.7,2.41,1.74,UW3,6,4,
B80,6A,6,7.8,3.7,15.6,2.95,2.27,1.16,UW3,6,4,
B115,6A,6,7.8,4,19.95,3.74,2.14,1.01,UW3,6,4,
K35,6A,6,7.8,3.8,21.45,4.15,3.48,2.13,UW3,6,4,
K9,6A,6,7.8,3.9,19.89,3.55,2.09,0.86,UW3,6,4,
K77,6A,6,7.8,5,52.19,9.3,3.61,1.87,UW3,6,4,
K211,6A,6,7.8,3.7,19.8,3.35,2.22,1.01,UW3,6,4,
B108,6A,6,7.8,3.5,16.14,3.16,3.06,1.4,UW3,6,4,
B27,6A,6,7.8,3.6,18.7,3.16,3.09,1.88,UW3,6,4,
B24,6A,6,7.8,3.3,13.09,2.42,2.31,0.66,UW3,6,4,
K244,6B,6,7.8,4.4,35.48,6.05,2.87,1.33,UW3,6,4,
B11,6B,6,7.8,3.5,18.05,3.23,2.55,0.88,UW3,6,4,
K121,6B,6,7.8,3.2,15.2,2.72,2.14,1.08,UW3,6,4,
B33,6B,6,7.8,3.7,21.11,3.49,2.49,1.71,UW3,6,4,
B6,6B,6,7.8,3.1,13.39,2.56,2.44,1.63,UW3,6,4,
B118,6B,6,7.8,4,21.05,3.79,1.93,1.1,UW3,6,4,
B87,6B,6,7.8,3.6,19.91,3.64,2.39,1.37,UW3,6,4,
B13,6B,6,7.8,3.5,18.58,3.48,2.68,1.39,UW3,6,4,
B75,6B,6,7.8,4.8,34.06,6.25,2.09,0,UW3,6,4,
K238,6B,6,7.8,3.7,21.78,4.32,2.54,0.9,UW3,6,4,
B51,6B,6,7.8,4.1,19.18,3.59,2.53,1.42,UW3,6,4,
B2,6B,6,7.8,3.3,14.84,2.59,2,0.47,UW3,6,4,
K60,8A,8,7.65,4.1,29.89,5.8,2.94,1.15,UW3,6,4,
K47,8A,8,7.65,4,29,5,3.19,1.34,UW3,6,4,
K6,8A,8,7.65,3.9,23.36,4.26,2.34,1.75,UW3,6,4,
B12,8A,8,7.65,4.8,44.6,7.89,2.55,1.93,UW3,6,4,
B8,8A,8,7.65,3.3,14.72,2.57,2.38,1.86,UW3,6,4,
B34,8A,8,7.65,3.7,22.3,3.75,2.54,1.53,UW3,6,4,
B106,8A,8,7.65,4.3,25.45,"4,50",2.24,0.82,UW3,6,4,
K39,8A,8,7.65,3.8,18.65,3.71,2.56,1.79,UW3,6,4,
B47,8A,8,7.65,3.4,16.01,2.8,2.74,1.2,UW3,6,4,
K250,8A,8,7.65,3.8,22.5,4.32,1.96,0.68,UW3,6,4,
K227,8A,8,7.65,3.5,21.54,3.68,1.94,1.13,UW3,6,4,
K266,8A,8,7.65,3.3,14.34,2.64,1.95,1.14,UW3,6,4,
B40,8B,8,7.65,3.8,23.95,4.63,2.81,1.85,UW3,6,4,
B44,8B,8,7.65,5.4,52.83,9.33,3.32,2.86,UW3,6,4,
B56,8B,8,7.65,5.5,40.02,6.9,2.65,1.49,UW3,6,4,
B54,8B,8,7.65,3.4,17.31,3.16,2.06,1.28,UW3,6,4,
B107,8B,8,7.65,3.7,18.92,3.22,2.37,1,UW3,6,4,
K256,8B,8,7.65,4.1,28.36,5.03,2.29,1.47,UW3,6,4,
B22,8B,8,7.65,2.9,10.76,1.86,2.92,1.76,UW3,6,4,
K18,8B,8,7.65,4.25,25.5,4.37,2.28,1.78,UW3,6,4,
K245,8B,8,7.65,3.3,16.85,2.86,2.54,1.8,UW3,6,4,
K46,8B,8,7.65,4.4,30.21,5.05,2.15,1.4,UW3,6,4,
K257,8B,8,7.65,2.8,10.32,2.05,2.1,1.44,UW3,6,4,
B57,8B,8,7.65,3.1,13.07,2.49,3.17,2.54,UW3,6,4,
B67,9A,9,7.5,3.7,14.61,3.01,2.94,2.83,UW3,6,4,
B97,9A,9,7.5,3.6,20.47,3.84,2.23,2.05,UW3,6,4,
B98,9A,9,7.5,4.25,27.73,4.88,2.72,2.67,UW3,6,4,
B29,9A,9,7.5,3.6,17.64,3.13,2.58,2.18,UW3,6,4,
B31,9A,9,7.5,4.1,24.6,4.38,2.06,1.98,UW3,6,4,
B96,9A,9,7.5,3.9,20.63,3.68,2.31,2.08,UW3,6,4,
B88,9A,9,7.5,3.6,17.23,2.6,1.73,1.49,UW3,6,4,
K254,9A,9,7.5,4,26.74,5.08,dead,dead,UW3,6,4,
K215,9A,9,7.5,3.1,12.09,2.13,1.82,1.76,UW3,6,4,
B55,9A,9,7.5,3.5,16.06,3.02,1.96,1.96,UW3,6,4,
B3,9A,9,7.5,3.8,19.88,3.63,1.93,1.74,UW3,6,4,
B83,9A,9,7.5,3.6,18.18,3.33,1.95,1.21,UW3,6,4,
B28,9B,9,7.5,3.1,12.45,2.34,2.07,1.99,UW3,6,4,
K247,9B,9,7.5,4.1,25.2,4.32,2.26,2.2,UW3,6,4,
B36,9B,9,7.5,3.5,18.28,2.92,2.36,2.37,UW3,6,4,
K56,9B,9,7.5,3.6,16.24,3.04,2.39,2.35,UW3,6,4,
K253,9B,9,7.5,3.8,23.29,3.98,2.45,2.27,UW3,6,4,
K229,9B,9,7.5,4.9,44.99,7.76,3.08,2.56,UW3,6,4,
B112,9B,9,7.5,3.7,18.22,3.33,3.1,3.01,UW3,6,4,
K224,9B,9,7.5,3.6,17.76,3.15,1.96,1.82,UW3,6,4,
K89,9B,9,7.5,3.5,17.66,3,2.48,2.42,UW3,6,4,
B117,9B,9,7.5,3.6,16.74,3.05,2.88,2.84,UW3,6,4,
B109,9B,9,7.5,5.7,66.46,11.33,3.31,3.29,UW3,6,4,
B59,9B,9,7.5,3.4,15.37,2.85,2.48,2.3,UW3,6,4,
K217,10A,10,7.5,4.5,32.87,5.95,3.27,3.01,UW3,6,4,
B123,10A,10,7.5,3.85,21.87,3.79,2.73,2.52,UW3,6,4,
B103,10A,10,7.5,3.8,19.2,3.44,2.6,1.97,UW3,6,4,
K263,10A,10,7.5,3.4,13.96,2.38,2.75,2.56,UW3,6,4,
K8,10A,10,7.5,4.15,23.87,4.23,2.96,2.73,UW3,6,4,
K232,10A,10,7.5,4.2,33.38,6.06,2.53,2.46,UW3,6,4,
B35,10A,10,7.5,3.8,21.45,4.15,2.01,1.73,UW3,6,4,
B92,10A,10,7.5,3.3,16.62,3.15,2.43,2.13,UW3,6,4,
K235,10A,10,7.5,4.4,32.86,5.58,2.38,2.02,UW3,6,4,
K49,10A,10,7.5,4.8,36.23,6.8,3.03,2.93,UW3,6,4,
K203,10A,10,7.5,4.1,25.2,4.33,2.97,2.56,UW3,6,4,
B71,10A,10,7.5,4.1,25.99,4.58,2.31,2.25,UW3,6,4,
K260,10B,10,7.5,3,12.95,2.47,2.01,1.74,UW3,6,4,
K207,10B,10,7.5,4,24.05,4.42,2.05,1.8,UW3,6,4,
B72,10B,10,7.5,3.9,26.72,4.73,2.67,2.64,UW3,6,4,
B82,10B,10,7.5,4.1,29.86,5.46,2.29,2.13,UW3,6,4,
K71,10B,10,7.5,4.2,25.86,4.27,2.44,1.97,UW3,6,4,
B20,10B,10,7.5,3.2,14.91,2.6,2.66,2.29,UW3,6,4,
B48,10B,10,7.5,3.8,17.18,3.28,2.05,1.64,UW3,6,4,
B30,10B,10,7.5,3.2,14.3,2.6,2.48,2.19,UW3,6,4,
B49,10B,10,7.5,3.2,13.95,2.44,1.99,1.42,UW3,6,4,
K258,10B,10,7.5,3.8,16.09,2.95,2.55,2.23,UW3,6,4,
K237,10B,10,7.5,4.9,44.7,8.05,3.19,3.08,UW3,6,4,
K230,10B,10,7.5,3.5,17.89,3.26,2.99,2.72,UW3,6,4,
B110,11A,11,7.5,4.15,25.24,4.67,2.36,2.07,UW3,6,4,
K117,11A,11,7.5,4,25.78,4.14,1.9,1.8,UW3,6,4,
B101,11A,11,7.5,4.9,38.98,7.23,2.26,2.26,UW3,6,4,
B16,11A,11,7.5,3.4,17.05,2.98,2.54,2.21,UW3,6,4,
B84,11A,11,7.5,4.4,35.5,5.81,2.93,2.48,UW3,6,4,
B111,11A,11,7.5,3.8,17.02,3.12,2.03,1.62,UW3,6,4,
B89,11A,11,7.5,4,23.13,3.87,2.36,2,UW3,6,4,
B119,11A,11,7.5,4.3,28.13,5.04,2.28,1.72,UW3,6,4,
K228,11A,11,7.5,4,33.43,5.97,2.29,2.14,UW3,6,4,
B93,11A,11,7.5,3.5,16.58,3.11,2,1.52,UW3,6,4,
K264`,11A,11,7.5,3.5,17.04,3.02,3.84,3.38,UW3,6,4,
B73,11A,11,7.5,3.9,23.5,3.99,2.87,1.93,UW3,6,4,
B17,11B,11,7.5,3.4,15.79,2.73,2.52,2.17,UW3,6,4,
K223,11B,11,7.5,4,24.04,4.4,2.26,1.94,UW3,6,4,
K123,11B,11,7.5,3.7,19.17,3.32,2.04,1.66,UW3,6,4,
K206,11B,11,7.5,4,23.72,4.32,2.33,1.77,UW3,6,4,
B94,11B,11,7.5,3.7,19.15,3.46,2.05,1.51,UW3,6,4,
B74,11B,11,7.5,3.45,15.62,2.95,2.51,2.26,UW3,6,4,
B1,11B,11,7.5,3.3,24.69,2.88,2.29,2.25,UW3,6,4,
B70,11B,11,7.5,3.8,22.42,3.81,2.15,1.68,UW3,6,4,
B21,11B,11,7.5,3.3,17.43,2.81,2.4,0.7,UW3,6,4,
B102,11B,11,7.5,3.55,17.28,3.3,2.17,1.82,UW3,6,4,
K239,11B,11,7.5,3.5,20.01,3.67,2.24,2,UW3,6,4,
B85,11B,11,7.5,3.1,14.86,2.77,2.49,2.31,UW3,6,4,
K254,1A,1,7.8,4,26.74,5.08,2.34,1.08,R3,7,4,
K213,1A,1,7.8,3.6,23.6,3.89,2.61,0.88,R3,7,4,
B4,1A,1,7.8,3.5,16.18,2.85,2.33,1.56,R3,7,4,
B122,1A,1,7.8,4.2,24.23,4.28,2.96,1.29,R3,7,4,
K84,1A,1,7.8,3.2,16.32,3.12,2.76,1.1,R3,7,4,
K216,1A,1,7.8,4.2,27.46,4.72,2.74,1.32,R3,7,4,
B23,1A,1,7.8,3.7,25.85,4.65,2.45,0.93,R3,7,4,
B69,1A,1,7.8,4,20.46,3.83,2.53,0.78,R3,7,4,
B39,1A,1,7.8,3.9,26.36,4.62,1.83,1.7,R3,7,4,
B100,1A,1,7.8,4.9,40.49,7.2,3.54,1.11,R3,7,4,
B114,1A,1,7.8,4.5,35.04,5.73,1.92,0.89,R3,7,4,
K249,1A,1,7.8,4.2,30.76,5.55,3.01,1.31,R3,7,4,
B18,1B,1,7.8,3.7,17.64,3,2.24,0.96,R3,7,4,
K100,1B,1,7.8,4.55,35.92,6.98,3.2,0.35,R3,7,4,
B53,1B,1,7.8,4.1,23,3.91,3.09,1.08,R3,7,4,
B76,1B,1,7.8,4,19.92,3.47,2.67,0.49,R3,7,4,
K13,1B,1,7.8,4.8,31.7,5.68,2.77,1.02,R3,7,4,
B90,1B,1,7.8,3.5,21.69,4.23,2.42,0.65,R3,7,4,
B26,1B,1,7.8,4,28.19,5.05,2.12,1.02,R3,7,4,
B5,1B,1,7.8,3.4,16.61,3.14,2.73,0.71,R3,7,4,
B124,1B,1,7.8,4.3,29.12,5.09,2.76,1.33,R3,7,4,
B99,1B,1,7.8,3.9,16.65,3.32,2.59,0.98,R3,7,4,
B61,1B,1,7.8,3.8,20.58,3.68,2.4,1.4,R3,7,4,
K255,1B,1,7.8,3.5,18.71,3.45,2.44,1.69,R3,7,4,
K54,5A,5,7.8,4.5,34.85,6.25,1.89,1.13,R3,7,4,
K205,5A,5,7.8,4.1,26.49,4.65,2.29,0.2,R3,7,4,
K226,5A,5,7.8,5.4,48.79,9.12,3.08,2.8,R3,7,4,
K200,5A,5,7.8,4.8,37.57,6.54,2.16,0.89,R3,7,4,
B95,5A,5,7.8,4.1,23.12,4.13,2.28,1.31,R3,7,4,
B52,5A,5,7.8,3.8,20.73,3.74,1.98,1.17,R3,7,4,
K201,5A,5,7.8,3.4,18.13,3.32,2.49,1.02,R3,7,4,
B66,5A,5,7.8,4.25,25.33,4.71,2.48,1.87,R3,7,4,
K16,5A,5,7.8,3.8,20.02,3.53,1.96,1.42,R3,7,4,
B81,5A,5,7.8,4.2,27.54,4.9,1.85,0,R3,7,4,
K31,5A,5,7.8,4.65,30.34,5.34,2.48,2,R3,7,4,
B64,5A,5,7.8,3.8,18.15,3.21,2.02,0.49,R3,7,4,
K220,5B,5,7.8,3.5,18.76,3.16,1.96,0.28,R3,7,4,
B58,5B,5,7.8,4.1,26.65,4.5,2.16,0,R3,7,4,
K241,5B,5,7.8,4.2,30.59,5.18,2.03,1.18,R3,7,4,
B41,5B,5,7.8,4.6,38.46,6.94,3.34,1.29,R3,7,4,
B78,5B,5,7.8,3.8,19.05,3.61,1.95,1.1,R3,7,4,
K219,5B,5,7.8,3.5,19.55,3.59,2.63,1.85,R3,7,4,
K240,5B,5,7.8,3.5,17.03,3.12,2.34,1.14,R3,7,4,
K252,5B,5,7.8,4.2,28.92,5.25,2.06,1.44,R3,7,4,
B43,5B,5,7.8,3.3,17.7,3.1,2.08,1.06,R3,7,4,
B116,5B,5,7.8,3.9,22.27,4.06,2.26,1.1,R3,7,4,
B9,5B,5,7.8,3.1,13.36,2.22,2.12,1.04,R3,7,4,
K236,5B,5,7.8,3.7,20.37,4.07,2.03,0.87,R3,7,4,
K50,3A,3,7.65,4.4,34.11,5.86,2.03,0,R3,7,4,
B120,3A,3,7.65,4,19.85,3.86,2.59,0.79,R3,7,4,
K233,3A,3,7.65,4.3,32.3,5.19,3.39,0.8,R3,7,4,
B77,3A,3,7.65,4.2,22.95,4.26,2.91,0.72,R3,7,4,
B91,3A,3,7.65,3.6,22.08,3.71,2.13,0.18,R3,7,4,
K83,3A,3,7.65,3.2,13.96,2.74,2.13,0.62,R3,7,4,
B45,3A,3,7.65,4.1,25.91,4.33,2.79,1.66,R3,7,4,
B68,3A,3,7.65,4,26.78,5.12,1.86,0.29,R3,7,4,
B38,3A,3,7.65,4.5,34.14,5.88,3.65,1.73,R3,7,4,
B104,3A,3,7.65,3.9,23.04,4.02,2.55,0.84,R3,7,4,
B65,3A,3,7.65,4.4,36.07,6.56,3.47,2.63,R3,7,4,
B79,3A,3,7.65,3.7,18.99,3.33,2.87,1.84,R3,7,4,
B105,3B,3,7.65,3.7,17.57,3.09,2.02,0.71,R3,7,4,
K243,3B,3,7.65,4.1,27.4,4.63,3.77,2.63,R3,7,4,
B15,3B,3,7.65,3.8,22.78,4.01,1.99,0.11,R3,7,4,
K127,3B,3,7.65,3.1,13.27,2.35,2.41,1.49,R3,7,4,
K225,3B,3,7.65,4.2,26.7,5.04,2.05,0.67,R3,7,4,
K248,3B,3,7.65,3.9,26.9,4.96,2.72,0.23,R3,7,4,
K209,3B,3,7.65,5,54.06,9.13,4.46,4.42,R3,7,4,
B25,3B,3,7.65,3.3,14.92,2.55,2.15,0.53,R3,7,4,
B37,3B,3,7.65,3.9,23.09,4.12,2.78,1.92,R3,7,4,
B7,3B,3,7.65,3.7,19.22,3.53,2.37,0.66,R3,7,4,
B46,3B,3,7.65,4.6,32.92,5.03,2.24,1.43,R3,7,4,
K208,3B,3,7.65,3.35,15.92,2.92,2.09,0.9,R3,7,4,
K202,4A,4,7.65,4.2,29.84,5.35,2.18,0,R3,7,4,
K212,4A,4,7.65,3.75,22.1,3.79,2.19,0.26,R3,7,4,
K214,4A,4,7.65,5.1,43.47,7.55,1.91,0,R3,7,4,
K218,4A,4,7.65,3.2,14.36,2.65,2.91,1.91,R3,7,4,
K210,4A,4,7.65,4.1,25.92,4.75,2.18,0.18,R3,7,4,
K231,4A,4,7.65,3.7,19.33,3.61,3,0.88,R3,7,4,
B86,4A,4,7.65,3.7,18.53,3.25,2.26,0.64,R3,7,4,
B62,4A,4,7.65,4.65,29.87,5.2,1.93,0.12,R3,7,4,
K129,4A,4,7.65,3.2,15.12,2.85,1.85,0.49,R3,7,4,
B63,4A,4,7.65,4,26.31,4.49,2.32,0.16,R3,7,4,
K259,4A,4,7.65,2.8,10.58,1.78,2.86,0.93,R3,7,4,
K246,4A,4,7.65,3.7,20.83,3.5,1.82,0,R3,7,4,
B113,4B,4,7.65,5.65,70.01,11.35,DEAD,dead,R3,7,4,
B32,4B,4,7.65,4.4,29.58,5.12,1.92,0,R3,7,4,
B60,4B,4,7.65,3.2,14.6,2.79,2.15,1.12,R3,7,4,
K120,4B,4,7.65,3.8,16.34,2.56,1.99,1.62,R3,7,4,
B121,4B,4,7.65,3.8,16.34,2.56,2.32,0.49,R3,7,4,
K265,4B,4,7.65,3.6,15.15,2.81,2.19,1.31,R3,7,4,
K222,4B,4,7.65,3.5,18.06,3.57,2.26,0.97,R3,7,4,
K242,4B,4,7.65,4.4,31.97,5.44,2.59,0.36,R3,7,4,
B19,4B,4,7.65,3.35,16.77,2.98,1.91,0.43,R3,7,4,
B50,4B,4,7.65,3.7,14.8,2.61,2.15,0.73,R3,7,4,
K221,4B,4,7.65,5,53.31,8.89,3.44,2.12,R3,7,4,
K262,4B,4,7.65,3.1,18.33,3.06,2.13,0,R3,7,4,
B10,6A,6,7.8,3.6,18.1,3.13,2,0.51,R3,7,4,
K261,6A,6,7.8,3.4,15.05,2.81,2.24,0.87,R3,7,4,
B42,6A,6,7.8,3.5,14.73,2.7,2.61,0.86,R3,7,4,
B80,6A,6,7.8,3.7,15.6,2.95,1.95,0.47,R3,7,4,
B115,6A,6,7.8,4,19.95,3.74,2.38,0.53,R3,7,4,
K35,6A,6,7.8,3.8,21.45,4.15,2.16,1.44,R3,7,4,
K9,6A,6,7.8,3.9,19.89,3.55,1.96,0.47,R3,7,4,
K77,6A,6,7.8,5,52.19,9.3,3.97,2.31,R3,7,4,
K211,6A,6,7.8,3.7,19.8,3.35,2.37,1,R3,7,4,
B108,6A,6,7.8,3.5,16.14,3.16,2.44,1,R3,7,4,
B27,6A,6,7.8,3.6,18.7,3.16,2.92,0.51,R3,7,4,
B24,6A,6,7.8,3.3,13.09,2.42,2.57,1.67,R3,7,4,
K244,6B,6,7.8,4.4,35.48,6.05,3.5,0.75,R3,7,4,
B11,6B,6,7.8,3.5,18.05,3.23,2.85,1.27,R3,7,4,
K121,6B,6,7.8,3.2,15.2,2.72,2.26,1.18,R3,7,4,
B33,6B,6,7.8,3.7,21.11,3.49,3,0.99,R3,7,4,
B6,6B,6,7.8,3.1,13.39,2.56,2.82,1.27,R3,7,4,
B118,6B,6,7.8,4,21.05,3.79,2.43,0.71,R3,7,4,
B87,6B,6,7.8,3.6,19.91,3.64,2.56,0.68,R3,7,4,
B13,6B,6,7.8,3.5,18.58,3.48,1.94,0.64,R3,7,4,
B75,6B,6,7.8,4.8,34.06,6.25,2,1.22,R3,7,4,
K238,6B,6,7.8,3.7,21.78,4.32,2.32,0.76,R3,7,4,
B51,6B,6,7.8,4.1,19.18,3.59,2.45,0.72,R3,7,4,
B2,6B,6,7.8,3.3,14.84,2.59,3.26,1.27,R3,7,4,
K60,8A,8,7.65,4.1,29.89,5.8,1.8,0.28,R3,7,4,
K47,8A,8,7.65,4,29,5,2.02,0,R3,7,4,
K6,8A,8,7.65,3.9,23.36,4.26,2.37,0.59,R3,7,4,
B12,8A,8,7.65,4.8,44.6,7.89,1.95,1.31,R3,7,4,
B8,8A,8,7.65,3.3,14.72,2.57,2.5,1.24,R3,7,4,
B34,8A,8,7.65,3.7,22.3,3.75,2.31,0.71,R3,7,4,
B106,8A,8,7.65,4.3,25.45,"4,50",1.81,0.47,R3,7,4,
K39,8A,8,7.65,3.8,18.65,3.71,1.89,0.65,R3,7,4,
B47,8A,8,7.65,3.4,16.01,2.8,2.3,0.82,R3,7,4,
K250,8A,8,7.65,3.8,22.5,4.32,3.33,2.41,R3,7,4,
K227,8A,8,7.65,3.5,21.54,3.68,2.5,0.5,R3,7,4,
K266,8A,8,7.65,3.3,14.34,2.64,2.22,1.12,R3,7,4,
B40,8B,8,7.65,3.8,23.95,4.63,1.8,0.48,R3,7,4,
B44,8B,8,7.65,5.4,52.83,9.33,3.2,2.17,R3,7,4,
B56,8B,8,7.65,5.5,40.02,6.9,3.01,1.85,R3,7,4,
B54,8B,8,7.65,3.4,17.31,3.16,2.22,1.24,R3,7,4,
B107,8B,8,7.65,3.7,18.92,3.22,1.88,0.3,R3,7,4,
K256,8B,8,7.65,4.1,28.36,5.03,3.27,1.55,R3,7,4,
B22,8B,8,7.65,2.9,10.76,1.86,2.18,1.18,R3,7,4,
K18,8B,8,7.65,4.25,25.5,4.37,2.02,1.23,R3,7,4,
K245,8B,8,7.65,3.3,16.85,2.86,1.79,0.78,R3,7,4,
K46,8B,8,7.65,4.4,30.21,5.05,2.27,0.43,R3,7,4,
K257,8B,8,7.65,2.8,10.32,2.05,2.54,1.75,R3,7,4,
B57,8B,8,7.65,3.1,13.07,2.49,2.1,1.09,R3,7,4,
B67,9A,9,7.5,3.7,14.61,3.01,2.5,1.79,R3,7,4,
B97,9A,9,7.5,3.6,20.47,3.84,2.56,0.83,R3,7,4,
B98,9A,9,7.5,4.25,27.73,4.88,2.05,1.18,R3,7,4,
B29,9A,9,7.5,3.6,17.64,3.13,2.1,0.99,R3,7,4,
B31,9A,9,7.5,4.1,24.6,4.38,1.87,1.32,R3,7,4,
B96,9A,9,7.5,3.9,20.63,3.68,1.78,0.12,R3,7,4,
B88,9A,9,7.5,3.6,17.23,2.6,1.85,1,R3,7,4,
K254,9A,9,7.5,4,26.74,5.08,dead,dead,R3,7,4,
K215,9A,9,7.5,3.1,12.09,2.13,2.42,1.77,R3,7,4,
B55,9A,9,7.5,3.5,16.06,3.02,2.41,2.04,R3,7,4,
B3,9A,9,7.5,3.8,19.88,3.63,1.91,1.02,R3,7,4,
B83,9A,9,7.5,3.6,18.18,3.33,2.79,1.96,R3,7,4,
B28,9B,9,7.5,3.1,12.45,2.34,2.09,0.97,R3,7,4,
K247,9B,9,7.5,4.1,25.2,4.32,2.83,1.76,R3,7,4,
B36,9B,9,7.5,3.5,18.28,2.92,2.17,1.21,R3,7,4,
K56,9B,9,7.5,3.6,16.24,3.04,2.06,1.71,R3,7,4,
K253,9B,9,7.5,3.8,23.29,3.98,1.96,0.71,R3,7,4,
K229,9B,9,7.5,4.9,44.99,7.76,3.7,1.78,R3,7,4,
B112,9B,9,7.5,3.7,18.22,3.33,2.12,1.27,R3,7,4,
K224,9B,9,7.5,3.6,17.76,3.15,2.51,1.27,R3,7,4,
K89,9B,9,7.5,3.5,17.66,3,2.1,1.5,R3,7,4,
B117,9B,9,7.5,3.6,16.74,3.05,1.9,1.07,R3,7,4,
B109,9B,9,7.5,5.7,66.46,11.33,3.59,3.44,R3,7,4,
B59,9B,9,7.5,3.4,15.37,2.85,1.91,0.58,R3,7,4,
K217,10A,10,7.5,4.5,32.87,5.95,3.76,2.82,R3,7,4,
B123,10A,10,7.5,3.85,21.87,3.79,2.86,2.07,R3,7,4,
B103,10A,10,7.5,3.8,19.2,3.44,2.18,1.25,R3,7,4,
K263,10A,10,7.5,3.4,13.96,2.38,2.52,1.66,R3,7,4,
K8,10A,10,7.5,4.15,23.87,4.23,2.69,1.15,R3,7,4,
K232,10A,10,7.5,4.2,33.38,6.06,2.05,1.08,R3,7,4,
B35,10A,10,7.5,3.8,21.45,4.15,2.49,1.06,R3,7,4,
B92,10A,10,7.5,3.3,16.62,3.15,2.26,1.09,R3,7,4,
K235,10A,10,7.5,4.4,32.86,5.58,2.18,0.01,R3,7,4,
K49,10A,10,7.5,4.8,36.23,6.8,3.03,1.68,R3,7,4,
K203,10A,10,7.5,4.1,25.2,4.33,2.06,0.72,R3,7,4,
B71,10A,10,7.5,4.1,25.99,4.58,1.99,0.36,R3,7,4,
K260,10B,10,7.5,3,12.95,2.47,2.5,1.56,R3,7,4,
K207,10B,10,7.5,4,24.05,4.42,1.96,0.46,R3,7,4,
B72,10B,10,7.5,3.9,26.72,4.73,1.85,0.78,R3,7,4,
B82,10B,10,7.5,4.1,29.86,5.46,2.69,1.57,R3,7,4,
K71,10B,10,7.5,4.2,25.86,4.27,2.49,0.24,R3,7,4,
B20,10B,10,7.5,3.2,14.91,2.6,2.01,0.54,R3,7,4,
B48,10B,10,7.5,3.8,17.18,3.28,2.25,1.25,R3,7,4,
B30,10B,10,7.5,3.2,14.3,2.6,2.31,0.43,R3,7,4,
B49,10B,10,7.5,3.2,13.95,2.44,1.88,1.01,R3,7,4,
K258,10B,10,7.5,3.8,16.09,2.95,2.54,1,R3,7,4,
K237,10B,10,7.5,4.9,44.7,8.05,4.34,3.84,R3,7,4,
K230,10B,10,7.5,3.5,17.89,3.26,2.21,1.23,R3,7,4,
B110,11A,11,7.5,4.15,25.24,4.67,2.78,1.08,R3,7,4,
K117,11A,11,7.5,4,25.78,4.14,2.04,0.88,R3,7,4,
B101,11A,11,7.5,4.9,38.98,7.23,2.15,1.56,R3,7,4,
B16,11A,11,7.5,3.4,17.05,2.98,2.53,1.29,R3,7,4,
B84,11A,11,7.5,4.4,35.5,5.81,2.93,1.1,R3,7,4,
B111,11A,11,7.5,3.8,17.02,3.12,2.48,1.32,R3,7,4,
B89,11A,11,7.5,4,23.13,3.87,2.73,0.93,R3,7,4,
B119,11A,11,7.5,4.3,28.13,5.04,3.28,0.78,R3,7,4,
K228,11A,11,7.5,4,33.43,5.97,2.57,1.7,R3,7,4,
B93,11A,11,7.5,3.5,16.58,3.11,2.34,1.11,R3,7,4,
K264`,11A,11,7.5,3.5,17.04,3.02,2.07,0.89,R3,7,4,
B73,11A,11,7.5,3.9,23.5,3.99,2.09,1.31,R3,7,4,
B17,11B,11,7.5,3.4,15.79,2.73,2.42,0.96,R3,7,4,
K223,11B,11,7.5,4,24.04,4.4,2.67,0.35,R3,7,4,
K123,11B,11,7.5,3.7,19.17,3.32,3.16,1.08,R3,7,4,
K206,11B,11,7.5,4,23.72,4.32,2.31,0.49,R3,7,4,
B94,11B,11,7.5,3.7,19.15,3.46,2.62,1.02,R3,7,4,
B74,11B,11,7.5,3.45,15.62,2.95,1.82,0.65,R3,7,4,
B1,11B,11,7.5,3.3,24.69,2.88,2.89,1.02,R3,7,4,
B70,11B,11,7.5,3.8,22.42,3.81,2.36,0.71,R3,7,4,
B21,11B,11,7.5,3.3,17.43,2.81,3.12,1.33,R3,7,4,
B102,11B,11,7.5,3.55,17.28,3.3,2.53,0.98,R3,7,4,
K239,11B,11,7.5,3.5,20.01,3.67,2.62,1.4,R3,7,4,
B85,11B,11,7.5,3.1,14.86,2.77,2.68,1.69,R3,7,4,